# https://github.com/mikedh/trimesh

o sedan.obj
v -0.35000000 0.55980770 0.51000000
v -0.50000000 0.55980770 0.51000000
v -0.35000000 0.51213200 0.44786790
v -0.50000000 0.51213200 0.44786790
v -0.60000000 0.30000000 0.40500000
v -0.60000000 0.30000000 0.40500000
v -0.50000000 0.30000000 0.36000000
v -0.60000000 0.36599890 0.41368890
v -0.60000000 0.36599890 0.41368890
v -0.50000000 0.37764570 0.37022220
v -0.50000000 0.08786798 0.87213200
v -0.60000000 0.11968780 0.84031220
v -0.60000000 0.11968780 0.84031220
v -0.50000000 0.15000000 0.91980760
v -0.60000000 0.17250000 0.88083640
v -0.60000000 0.17250000 0.88083640
v -0.60000000 0.42750000 0.43916350
v -0.60000000 0.42750000 0.43916350
v -0.50000000 0.45000000 0.40019240
v -0.60000000 0.48031220 0.47968780
v -0.60000000 0.48031220 0.47968780
v -0.35000000 0.08786798 0.87213200
v -0.35000000 0.15000000 0.91980760
v -0.35000000 0.22235430 0.94977770
v -0.50000000 0.22235430 0.94977770
v -0.35000000 0.30000000 0.96000000
v -0.50000000 0.30000000 0.96000000
v -0.60000000 0.52083650 0.53250000
v -0.60000000 0.52083650 0.53250000
v -0.50000000 0.04019240 0.51000000
v -0.50000000 0.08786798 0.44786790
v -0.60000000 0.07916354 0.53250000
v -0.60000000 0.07916354 0.53250000
v -0.60000000 0.11968780 0.47968780
v -0.60000000 0.11968780 0.47968780
v -0.50000000 0.04019240 0.80999990
v -0.60000000 0.07916354 0.78750000
v -0.60000000 0.07916354 0.78750000
v -0.50000000 0.55980770 0.80999990
v -0.60000000 0.52083650 0.78750000
v -0.60000000 0.52083650 0.78750000
v -0.50000000 0.58977780 0.73764570
v -0.60000000 0.54631110 0.72599880
v -0.60000000 0.54631110 0.72599880
v -0.50000000 0.51213200 0.87213200
v -0.60000000 0.48031220 0.84031220
v -0.60000000 0.48031220 0.84031220
v -0.60000000 0.23400120 0.90631100
v -0.60000000 0.23400120 0.90631100
v -0.35000000 0.37764570 0.94977770
v -0.50000000 0.37764570 0.94977770
v -0.35000000 0.45000000 0.91980760
v -0.50000000 0.45000000 0.91980760
v -0.50000000 0.58977780 0.58235420
v -0.60000000 0.54631110 0.59400110
v -0.60000000 0.54631110 0.59400110
v -0.35000000 0.08786798 0.44786790
v -0.50000000 0.15000000 0.40019240
v -0.35000000 0.15000000 0.40019240
v -0.35000000 0.51213200 0.87213200
v -0.35000000 0.01022226 0.73764570
v -0.35000000 0.00000000 0.66000000
v -0.50000000 0.01022226 0.73764570
v -0.50000000 0.00000000 0.66000000
v -0.35000000 0.60000000 0.66000000
v -0.50000000 0.60000000 0.66000000
v -0.35000000 0.58977780 0.58235420
v -0.50000000 0.22235430 0.37022220
v -0.35000000 0.22235430 0.37022220
v -0.60000000 0.30000000 0.91500000
v -0.60000000 0.30000000 0.91500000
v -0.35000000 0.04019240 0.51000000
v -0.35000000 0.01022226 0.58235420
v -0.50000000 0.01022226 0.58235420
v -0.60000000 0.42750000 0.88083640
v -0.60000000 0.42750000 0.88083640
v -0.35000000 0.04019240 0.80999990
v -0.60000000 0.55500000 0.66000000
v -0.60000000 0.55500000 0.66000000
v -0.60000000 0.36599890 0.90631100
v -0.60000000 0.36599890 0.90631100
v -0.35000000 0.45000000 0.40019240
v -0.35000000 0.55980770 0.80999990
v -0.35000000 0.30000000 0.36000000
v -0.35000000 0.37764570 0.37022220
v -0.60000000 0.05368893 0.59400110
v -0.60000000 0.05368893 0.59400110
v -0.60000000 0.17250000 0.43916350
v -0.60000000 0.17250000 0.43916350
v -0.25000000 0.54631110 0.59400110
v -0.25000000 0.54631110 0.59400110
v -0.25000000 0.52083650 0.53250000
v -0.25000000 0.52083650 0.53250000
v -0.60000000 0.05368893 0.72599880
v -0.60000000 0.05368893 0.72599880
v -0.60000000 0.23400120 0.41368890
v -0.60000000 0.23400120 0.41368890
v -0.60000000 0.04500002 0.66000000
v -0.60000000 0.04500002 0.66000000
v -0.35000000 0.58977780 0.73764570
v -0.25000000 0.48031220 0.84031220
v -0.25000000 0.48031220 0.84031220
v -0.25000000 0.52083650 0.78750000
v -0.25000000 0.52083650 0.78750000
v -0.25000000 0.07916354 0.78750000
v -0.25000000 0.07916354 0.78750000
v -0.25000000 0.05368893 0.72599880
v -0.25000000 0.05368893 0.72599880
v -0.25000000 0.54631110 0.72599880
v -0.25000000 0.54631110 0.72599880
v -0.25000000 0.55500000 0.66000000
v -0.25000000 0.55500000 0.66000000
v -0.25000000 0.36599890 0.41368890
v -0.25000000 0.36599890 0.41368890
v -0.25000000 0.42750000 0.43916350
v -0.25000000 0.42750000 0.43916350
v -0.25000000 0.30000000 0.91500000
v -0.25000000 0.30000000 0.91500000
v -0.25000000 0.36599890 0.90631100
v -0.25000000 0.36599890 0.90631100
v -0.25000000 0.17250000 0.88083640
v -0.25000000 0.17250000 0.88083640
v -0.25000000 0.23400120 0.90631100
v -0.25000000 0.23400120 0.90631100
v -0.25000000 0.42750000 0.88083640
v -0.25000000 0.42750000 0.88083640
v -0.25000000 0.11968780 0.84031220
v -0.25000000 0.11968780 0.84031220
v -0.25000000 0.04500002 0.66000000
v -0.25000000 0.04500002 0.66000000
v -0.25000000 0.48031220 0.47968780
v -0.25000000 0.48031220 0.47968780
v -0.25000000 0.11968780 0.47968780
v -0.25000000 0.11968780 0.47968780
v -0.25000000 0.17250000 0.43916350
v -0.25000000 0.17250000 0.43916350
v -0.25000000 0.23400120 0.41368890
v -0.25000000 0.23400120 0.41368890
v -0.25000000 0.30000000 0.40500000
v -0.25000000 0.30000000 0.40500000
v -0.25000000 0.05368893 0.59400110
v -0.25000000 0.05368893 0.59400110
v -0.25000000 0.07916354 0.53250000
v -0.25000000 0.07916354 0.53250000
v -0.60000000 0.30000000 0.47863180
v -0.60000000 0.25305850 0.48481170
v -0.60000000 0.34694160 0.48481170
v -0.60000000 0.20931590 0.50293050
v -0.60000000 0.17175330 0.53175330
v -0.60000000 0.14293050 0.56931590
v -0.60000000 0.12481180 0.61305840
v -0.60000000 0.11863180 0.66000000
v -0.60000000 0.39068410 0.50293050
v -0.60000000 0.42824670 0.53175330
v -0.60000000 0.45706950 0.56931590
v -0.60000000 0.47518830 0.61305840
v -0.60000000 0.12481180 0.70694150
v -0.60000000 0.14293050 0.75068410
v -0.60000000 0.17175330 0.78824660
v -0.60000000 0.48136820 0.66000000
v -0.60000000 0.47518830 0.70694150
v -0.60000000 0.45706950 0.75068410
v -0.60000000 0.42824670 0.78824660
v -0.60000000 0.20931590 0.81706940
v -0.60000000 0.25305850 0.83518820
v -0.60000000 0.39068410 0.81706940
v -0.60000000 0.34694160 0.83518820
v -0.60000000 0.30000000 0.84136820
v -0.60000000 0.30000000 0.84136820
v -0.60000000 0.25305850 0.83518820
v -0.60000000 0.34694160 0.83518820
v -0.60000000 0.39068410 0.81706940
v -0.60000000 0.20931590 0.81706940
v -0.60000000 0.42824670 0.78824660
v -0.60000000 0.17175330 0.78824660
v -0.60000000 0.30000000 0.78047790
v -0.60000000 0.33118200 0.77637270
v -0.60000000 0.26881800 0.77637270
v -0.60000000 0.45706950 0.75068410
v -0.60000000 0.36023900 0.76433690
v -0.60000000 0.38519080 0.74519070
v -0.60000000 0.14293050 0.75068410
v -0.60000000 0.23976100 0.76433690
v -0.60000000 0.21480920 0.74519070
v -0.60000000 0.47518820 0.70694150
v -0.60000000 0.40433700 0.72023890
v -0.60000000 0.41637280 0.69118200
v -0.60000000 0.48136820 0.66000000
v -0.60000000 0.42047800 0.66000000
v -0.60000000 0.12481180 0.70694150
v -0.60000000 0.19566300 0.72023890
v -0.60000000 0.18362720 0.69118200
v -0.60000000 0.47518820 0.61305840
v -0.60000000 0.41637280 0.62881800
v -0.60000000 0.40433700 0.59976100
v -0.60000000 0.11863180 0.66000000
v -0.60000000 0.17952200 0.66000000
v -0.60000000 0.18362720 0.62881800
v -0.60000000 0.12481180 0.61305840
v -0.60000000 0.19566300 0.59976100
v -0.60000000 0.45706950 0.56931590
v -0.60000000 0.38519080 0.57480920
v -0.60000000 0.36023900 0.55566300
v -0.60000000 0.14293050 0.56931590
v -0.60000000 0.21480920 0.57480920
v -0.60000000 0.23976100 0.55566300
v -0.60000000 0.42824670 0.53175330
v -0.60000000 0.17175330 0.53175330
v -0.60000000 0.33118200 0.54362720
v -0.60000000 0.26881800 0.54362720
v -0.60000000 0.30000000 0.53952200
v -0.60000000 0.39068410 0.50293050
v -0.60000000 0.20931590 0.50293050
v -0.60000000 0.34694160 0.48481170
v -0.60000000 0.25305850 0.48481170
v -0.60000000 0.30000000 0.47863180
v -0.55000010 0.38727960 0.68338640
v -0.55000010 0.38727960 0.68338640
v -0.55000010 0.39035850 0.66000000
v -0.55000010 0.39035850 0.66000000
v -0.60000010 0.41637280 0.69118200
v -0.60000010 0.42047800 0.66000000
v -0.55000010 0.21272040 0.68338640
v -0.55000010 0.21272040 0.68338640
v -0.55000010 0.22174730 0.70517920
v -0.55000010 0.22174730 0.70517920
v -0.60000010 0.18362720 0.69118200
v -0.60000010 0.19566300 0.72023890
v -0.55000010 0.23610690 0.59610690
v -0.55000010 0.23610690 0.59610690
v -0.55000010 0.22174730 0.61482070
v -0.55000010 0.22174730 0.61482070
v -0.60000010 0.21480920 0.57480920
v -0.60000010 0.19566300 0.59976100
v -0.60000010 0.26881800 0.77637270
v -0.55000010 0.27661350 0.74727950
v -0.55000010 0.27661350 0.74727950
v -0.60000010 0.30000000 0.78047790
v -0.55000010 0.30000000 0.75035850
v -0.55000010 0.30000000 0.75035850
v -0.55000010 0.20964150 0.66000000
v -0.55000010 0.20964150 0.66000000
v -0.60000010 0.17952200 0.66000000
v -0.55000010 0.32338650 0.57272040
v -0.55000010 0.32338650 0.57272040
v -0.60000010 0.33118200 0.54362720
v -0.55000010 0.34517930 0.58174720
v -0.55000010 0.34517930 0.58174720
v -0.60000010 0.36023900 0.55566300
v -0.55000010 0.32338650 0.74727950
v -0.55000010 0.32338650 0.74727950
v -0.60000010 0.33118200 0.77637270
v -0.55000010 0.23610690 0.72389300
v -0.55000010 0.23610690 0.72389300
v -0.60000010 0.21480920 0.74519070
v -0.55000010 0.30000000 0.56964150
v -0.55000010 0.30000000 0.56964150
v -0.60000010 0.30000000 0.53952200
v -0.55000010 0.21272040 0.63661350
v -0.55000010 0.21272040 0.63661350
v -0.60000010 0.18362720 0.62881800
v -0.60000010 0.23976100 0.55566300
v -0.60000010 0.26881800 0.54362720
v -0.55000010 0.25482080 0.58174720
v -0.55000010 0.25482080 0.58174720
v -0.55000010 0.27661350 0.57272040
v -0.55000010 0.27661350 0.57272040
v -0.55000010 0.36389310 0.72389300
v -0.55000010 0.36389310 0.72389300
v -0.55000010 0.37825270 0.70517920
v -0.55000010 0.37825270 0.70517920
v -0.60000010 0.38519080 0.74519070
v -0.60000010 0.40433700 0.72023890
v -0.55000010 0.36389310 0.59610690
v -0.55000010 0.36389310 0.59610690
v -0.60000010 0.38519080 0.57480920
v -0.60000010 0.23976100 0.76433690
v -0.55000010 0.25482080 0.73825270
v -0.55000010 0.25482080 0.73825270
v -0.55000010 0.37825270 0.61482070
v -0.55000010 0.37825270 0.61482070
v -0.55000010 0.38727960 0.63661350
v -0.55000010 0.38727960 0.63661350
v -0.55000010 0.34517930 0.73825270
v -0.55000010 0.34517930 0.73825270
v -0.60000010 0.41637280 0.62881800
v -0.60000010 0.40433700 0.59976100
v -0.60000010 0.36023900 0.76433690
v -0.65000000 0.40000000 -1.03683500
v -0.65000000 0.40000000 -1.03683500
v -0.51666670 0.40000000 -1.03683500
v -0.51666670 0.40000000 -1.03683500
v -0.65000000 0.40093940 -1.03671100
v -0.65000000 0.40093940 -1.03671100
v -0.51697980 0.40093940 -1.03671100
v -0.51697980 0.40093940 -1.03671100
v -0.65000000 0.20000000 -1.15000000
v -0.65000000 0.20000000 -1.15000000
v -0.65000000 0.20000000 -1.15000000
v -0.65000000 0.40000000 -1.15000000
v -0.65000000 0.40000000 -1.15000000
v -0.65000000 0.40000000 -1.15000000
v -0.65000000 0.20000000 -0.96000000
v -0.65000000 0.20000000 -0.96000000
v -0.65000000 0.20000000 -0.96000000
v -0.65000000 0.49500000 -0.99774990
v -0.65000000 0.49500000 -0.99774990
v -0.65000000 0.30000000 -0.96000000
v -0.65000000 0.30000000 -0.96000000
v -0.65000000 0.57577160 -0.93577160
v -0.65000000 0.57577160 -0.93577160
v -0.65000000 0.37764570 -0.94977770
v -0.65000000 0.37764570 -0.94977770
v -0.65000000 0.45000000 -0.91980760
v -0.65000000 0.45000000 -0.91980760
v -0.65000000 0.63774990 -0.85500000
v -0.65000000 0.63774990 -0.85500000
v -0.65000000 0.51213200 -0.87213200
v -0.65000000 0.51213200 -0.87213200
v -0.65000000 0.55980770 -0.80999990
v -0.65000000 0.55980770 -0.80999990
v -0.65000000 0.67671110 -0.76093940
v -0.65000000 0.67671110 -0.76093940
v -0.65000000 0.58977780 -0.73764570
v -0.65000000 0.58977780 -0.73764570
v -0.65000000 0.68999990 -0.66000000
v -0.65000000 0.68999990 -0.66000000
v -0.65000000 0.60000000 -0.66000000
v -0.65000000 0.60000000 -0.66000000
v -0.65000000 0.58977780 -0.58235420
v -0.65000000 0.58977780 -0.58235420
v -0.65000000 0.67671110 -0.55906050
v -0.65000000 0.67671110 -0.55906050
v -0.65000000 0.55980770 -0.51000000
v -0.65000000 0.55980770 -0.51000000
v -0.65000000 0.63774990 -0.46500000
v -0.65000000 0.63774990 -0.46500000
v -0.65000000 0.51213200 -0.44786800
v -0.65000000 0.51213200 -0.44786800
v -0.65000000 0.57577160 -0.38422840
v -0.65000000 0.57577160 -0.38422840
v -0.65000000 0.45000000 -0.40019240
v -0.65000000 0.45000000 -0.40019240
v -0.65000000 0.37764570 -0.37022220
v -0.65000000 0.37764570 -0.37022220
v -0.65000000 0.49500000 -0.32225010
v -0.65000000 0.49500000 -0.32225010
v -0.65000000 0.30000000 -0.36000000
v -0.65000000 0.30000000 -0.36000000
v -0.65000000 0.20000000 -0.36000000
v -0.65000000 0.20000000 -0.36000000
v -0.65000000 0.20000000 -0.36000000
v -0.65000000 0.30000000 -0.27000000
v -0.65000000 0.30000000 -0.27000000
v -0.65000000 0.30000000 -0.27000000
v -0.65000000 0.40093940 -0.28328890
v -0.65000000 0.40093940 -0.28328890
v -0.65000000 0.20000000 0.36000000
v -0.65000000 0.20000000 0.36000000
v -0.65000000 0.20000000 0.36000000
v -0.65000000 0.30000000 0.27000000
v -0.65000000 0.30000000 0.27000000
v -0.65000000 0.30000000 0.27000000
v -0.65000000 0.40093940 0.28328890
v -0.65000000 0.40093940 0.28328890
v -0.65000000 0.49500000 0.32225010
v -0.65000000 0.49500000 0.32225010
v -0.65000000 0.30000000 0.36000000
v -0.65000000 0.30000000 0.36000000
v -0.65000000 0.57577160 0.38422830
v -0.65000000 0.57577160 0.38422830
v -0.65000000 0.37764570 0.37022220
v -0.65000000 0.37764570 0.37022220
v -0.65000000 0.45000000 0.40019240
v -0.65000000 0.45000000 0.40019240
v -0.65000000 0.63774990 0.46500000
v -0.65000000 0.63774990 0.46500000
v -0.65000000 0.51213200 0.44786800
v -0.65000000 0.51213200 0.44786800
v -0.65000000 0.55980770 0.51000000
v -0.65000000 0.55980770 0.51000000
v -0.65000000 0.67671110 0.55906060
v -0.65000000 0.67671110 0.55906060
v -0.65000000 0.58977780 0.58235430
v -0.65000000 0.58977780 0.58235430
v -0.65000000 0.68999990 0.66000000
v -0.65000000 0.68999990 0.66000000
v -0.65000000 0.60000000 0.66000000
v -0.65000000 0.60000000 0.66000000
v -0.65000000 0.58977780 0.73764570
v -0.65000000 0.58977780 0.73764570
v -0.65000000 0.67671110 0.76093940
v -0.65000000 0.67671110 0.76093940
v -0.65000000 0.55980770 0.81000000
v -0.65000000 0.55980770 0.81000000
v -0.65000000 0.63774990 0.85500000
v -0.65000000 0.63774990 0.85500000
v -0.65000000 0.51213200 0.87213210
v -0.65000000 0.51213200 0.87213210
v -0.65000000 0.57577160 0.93577170
v -0.65000000 0.57577160 0.93577170
v -0.65000000 0.45000000 0.91980770
v -0.65000000 0.45000000 0.91980770
v -0.65000000 0.37764570 0.94977770
v -0.65000000 0.37764570 0.94977770
v -0.65000000 0.49500000 0.99774990
v -0.65000000 0.49500000 0.99774990
v -0.65000000 0.30000000 0.96000000
v -0.65000000 0.30000000 0.96000000
v -0.65000000 0.20000000 0.96000000
v -0.65000000 0.20000000 0.96000000
v -0.65000000 0.20000000 0.96000000
v -0.65000000 0.20000000 1.10000000
v -0.65000000 0.20000000 1.10000000
v -0.65000000 0.20000000 1.10000000
v -0.65000000 0.40000000 1.03683500
v -0.65000000 0.40000000 1.03683500
v -0.65000000 0.40093940 1.03671100
v -0.65000000 0.40093940 1.03671100
v -0.65000000 0.40000000 1.10000000
v -0.65000000 0.40000000 1.10000000
v -0.65000000 0.40000000 1.10000000
v 0.65000000 0.40093940 1.03671100
v 0.65000000 0.40093940 1.03671100
v 0.65000000 0.49500000 0.99774990
v 0.65000000 0.49500000 0.99774990
v 0.65000000 0.40000000 1.03683500
v 0.65000000 0.40000000 1.03683500
v 0.65000000 0.20000000 1.10000000
v 0.65000000 0.20000000 1.10000000
v 0.65000000 0.20000000 1.10000000
v 0.65000000 0.40000000 1.10000000
v 0.65000000 0.40000000 1.10000000
v 0.65000000 0.40000000 1.10000000
v 0.65000000 0.20000000 0.96000000
v 0.65000000 0.20000000 0.96000000
v 0.65000000 0.20000000 0.96000000
v 0.65000000 0.30000000 0.96000000
v 0.65000000 0.30000000 0.96000000
v 0.65000000 0.37764570 0.94977770
v 0.65000000 0.37764570 0.94977770
v 0.65000000 0.57577160 0.93577170
v 0.65000000 0.57577160 0.93577170
v 0.65000000 0.45000000 0.91980770
v 0.65000000 0.45000000 0.91980770
v 0.65000000 0.51213200 0.87213210
v 0.65000000 0.51213200 0.87213210
v 0.65000000 0.63774990 0.85500000
v 0.65000000 0.63774990 0.85500000
v 0.65000000 0.55980770 0.81000000
v 0.65000000 0.55980770 0.81000000
v 0.65000000 0.67671110 0.76093940
v 0.65000000 0.67671110 0.76093940
v 0.65000000 0.58977780 0.73764570
v 0.65000000 0.58977780 0.73764570
v 0.65000000 0.60000000 0.66000000
v 0.65000000 0.60000000 0.66000000
v 0.65000000 0.68999990 0.66000000
v 0.65000000 0.68999990 0.66000000
v 0.65000000 0.58977780 0.58235430
v 0.65000000 0.58977780 0.58235430
v 0.65000000 0.67671110 0.55906060
v 0.65000000 0.67671110 0.55906060
v 0.65000000 0.55980770 0.51000000
v 0.65000000 0.55980770 0.51000000
v 0.65000000 0.63774990 0.46500000
v 0.65000000 0.63774990 0.46500000
v 0.65000000 0.51213200 0.44786800
v 0.65000000 0.51213200 0.44786800
v 0.65000000 0.45000000 0.40019240
v 0.65000000 0.45000000 0.40019240
v 0.65000000 0.57577160 0.38422830
v 0.65000000 0.57577160 0.38422830
v 0.65000000 0.37764570 0.37022220
v 0.65000000 0.37764570 0.37022220
v 0.65000000 0.30000000 0.36000000
v 0.65000000 0.30000000 0.36000000
v 0.65000000 0.49500000 0.32225010
v 0.65000000 0.49500000 0.32225010
v 0.65000000 0.20000000 0.36000000
v 0.65000000 0.20000000 0.36000000
v 0.65000000 0.20000000 0.36000000
v 0.65000000 0.40093940 0.28328890
v 0.65000000 0.40093940 0.28328890
v 0.65000000 0.30000000 0.27000000
v 0.65000000 0.30000000 0.27000000
v 0.65000000 0.30000000 0.27000000
v 0.65000000 0.30000000 -0.27000000
v 0.65000000 0.30000000 -0.27000000
v 0.65000000 0.30000000 -0.27000000
v 0.65000000 0.20000000 -0.36000000
v 0.65000000 0.20000000 -0.36000000
v 0.65000000 0.20000000 -0.36000000
v 0.65000000 0.49500000 -0.32225010
v 0.65000000 0.49500000 -0.32225010
v 0.65000000 0.40093940 -0.28328890
v 0.65000000 0.40093940 -0.28328890
v 0.65000000 0.30000000 -0.36000000
v 0.65000000 0.30000000 -0.36000000
v 0.65000000 0.37764570 -0.37022220
v 0.65000000 0.37764570 -0.37022220
v 0.65000000 0.57577160 -0.38422840
v 0.65000000 0.57577160 -0.38422840
v 0.65000000 0.45000000 -0.40019240
v 0.65000000 0.45000000 -0.40019240
v 0.65000000 0.51213200 -0.44786800
v 0.65000000 0.51213200 -0.44786800
v 0.65000000 0.63774990 -0.46500000
v 0.65000000 0.63774990 -0.46500000
v 0.65000000 0.55980770 -0.51000000
v 0.65000000 0.55980770 -0.51000000
v 0.65000000 0.67671110 -0.55906050
v 0.65000000 0.67671110 -0.55906050
v 0.65000000 0.58977780 -0.58235420
v 0.65000000 0.58977780 -0.58235420
v 0.65000000 0.60000000 -0.66000000
v 0.65000000 0.60000000 -0.66000000
v 0.65000000 0.68999990 -0.66000000
v 0.65000000 0.68999990 -0.66000000
v 0.65000000 0.58977780 -0.73764570
v 0.65000000 0.58977780 -0.73764570
v 0.65000000 0.67671110 -0.76093940
v 0.65000000 0.67671110 -0.76093940
v 0.65000000 0.55980770 -0.80999990
v 0.65000000 0.55980770 -0.80999990
v 0.65000000 0.63774990 -0.85500000
v 0.65000000 0.63774990 -0.85500000
v 0.65000000 0.51213200 -0.87213200
v 0.65000000 0.51213200 -0.87213200
v 0.65000000 0.45000000 -0.91980760
v 0.65000000 0.45000000 -0.91980760
v 0.65000000 0.57577160 -0.93577160
v 0.65000000 0.57577160 -0.93577160
v 0.65000000 0.37764570 -0.94977770
v 0.65000000 0.37764570 -0.94977770
v 0.65000000 0.30000000 -0.96000000
v 0.65000000 0.30000000 -0.96000000
v 0.65000000 0.49500000 -0.99774990
v 0.65000000 0.49500000 -0.99774990
v 0.65000000 0.20000000 -0.96000000
v 0.65000000 0.20000000 -0.96000000
v 0.65000000 0.20000000 -0.96000000
v 0.65000000 0.40093940 -1.03671100
v 0.65000000 0.40093940 -1.03671100
v 0.65000000 0.40000000 -1.03683500
v 0.65000000 0.40000000 -1.03683500
v 0.65000000 0.20000000 -1.15000000
v 0.65000000 0.20000000 -1.15000000
v 0.65000000 0.20000000 -1.15000000
v 0.65000000 0.40000000 -1.15000000
v 0.65000000 0.40000000 -1.15000000
v 0.65000000 0.40000000 -1.15000000
v 0.55000000 0.50000000 0.99391330
v 0.55000000 0.50000000 0.99391330
v 0.55000000 0.50000000 0.99391330
v 0.54833330 0.49500000 0.99774990
v 0.54833330 0.49500000 0.99774990
v 0.55000000 0.50000000 1.15000000
v 0.55000000 0.50000000 1.15000000
v 0.55000000 0.50000000 1.15000000
v 0.55000000 0.50000000 1.15000000
v 0.51697980 0.40093940 1.03671100
v 0.51697980 0.40093940 1.03671100
v 0.51666670 0.40000000 1.03683500
v 0.51666670 0.40000000 1.03683500
v 0.51666670 0.40000000 1.11666700
v 0.51666670 0.40000000 1.11666700
v 0.51666670 0.40000000 1.11666700
v 0.55000000 0.50000000 -1.25000000
v 0.55000000 0.50000000 -1.25000000
v 0.55000000 0.50000000 -1.25000000
v 0.55000000 0.50000000 -1.25000000
v 0.51666670 0.40000000 -1.18333300
v 0.51666670 0.40000000 -1.18333300
v 0.51666670 0.40000000 -1.18333300
v 0.55000000 0.50000000 -1.15000000
v 0.55000000 0.50000000 -1.15000000
v 0.51666670 0.40000000 -1.03683500
v 0.51666670 0.40000000 -1.03683500
v 0.51697980 0.40093940 -1.03671100
v 0.51697980 0.40093940 -1.03671100
v 0.54833330 0.49500000 -0.99774990
v 0.54833330 0.49500000 -0.99774990
v 0.55000000 0.50000000 -0.99391320
v 0.55000000 0.50000000 -0.99391320
v 0.55000000 0.50000000 -0.99391320
v -0.55000000 0.63774990 0.85500000
v -0.55000000 0.63774990 0.85500000
v -0.55000000 0.57577160 0.93577170
v -0.55000000 0.57577160 0.93577170
v -0.55000000 0.67671110 -0.55906050
v -0.55000000 0.67671110 -0.55906050
v -0.55000000 0.63774990 -0.46500000
v -0.55000000 0.63774990 -0.46500000
v 0.55000000 0.63774990 0.46500000
v 0.55000000 0.63774990 0.46500000
v 0.55000000 0.67671110 0.55906060
v 0.55000000 0.67671110 0.55906060
v 0.55000000 0.67671110 -0.55906050
v 0.55000000 0.67671110 -0.55906050
v 0.55000000 0.63774990 -0.46500000
v 0.55000000 0.63774990 -0.46500000
v 0.55000000 0.57577160 -0.93577160
v 0.55000000 0.57577160 -0.93577160
v 0.55000000 0.63774990 -0.85500000
v 0.55000000 0.63774990 -0.85500000
v 0.51697980 0.40093940 0.28328890
v 0.51697980 0.40093940 0.28328890
v 0.54833330 0.49500000 0.32225010
v 0.54833330 0.49500000 0.32225010
v 0.54833330 0.49500000 -0.32225010
v 0.54833330 0.49500000 -0.32225010
v 0.55000000 0.50000000 -0.32608670
v 0.55000000 0.50000000 -0.32608670
v 0.55000000 0.50000000 -0.32608670
v 0.55000000 0.57577160 -0.38422840
v 0.55000000 0.57577160 -0.38422840
v -0.55000000 0.57577160 -0.38422840
v -0.55000000 0.57577160 -0.38422840
v 0.55000000 0.57577160 0.38422830
v 0.55000000 0.57577160 0.38422830
v 0.55000000 0.68999990 0.66000000
v 0.55000000 0.68999990 0.66000000
v 0.55000000 0.67671110 0.76093940
v 0.55000000 0.67671110 0.76093940
v 0.55000000 0.63774990 0.85500000
v 0.55000000 0.63774990 0.85500000
v 0.55000000 0.57577160 0.93577170
v 0.55000000 0.57577160 0.93577170
v -0.55000000 0.68999990 -0.66000000
v -0.55000000 0.68999990 -0.66000000
v 0.55000000 0.68999990 -0.66000000
v 0.55000000 0.68999990 -0.66000000
v -0.51697980 0.40093940 0.28328890
v -0.51697980 0.40093940 0.28328890
v -0.54833330 0.49500000 0.32225010
v -0.54833330 0.49500000 0.32225010
v 0.55000000 0.67671110 -0.76093940
v 0.55000000 0.67671110 -0.76093940
v -0.55000000 0.50000000 -1.25000000
v -0.55000000 0.50000000 -1.25000000
v -0.55000000 0.50000000 -1.25000000
v -0.55000000 0.50000000 -1.25000000
v -0.55000000 0.50000000 -1.15000000
v -0.55000000 0.50000000 -1.15000000
v -0.51666670 0.40000000 -1.18333300
v -0.51666670 0.40000000 -1.18333300
v -0.51666670 0.40000000 -1.18333300
v -0.54833330 0.49500000 -0.99774990
v -0.54833330 0.49500000 -0.99774990
v -0.55000000 0.50000000 -0.99391320
v -0.55000000 0.50000000 -0.99391320
v -0.55000000 0.50000000 -0.99391320
v -0.51697980 0.40093940 -0.28328890
v -0.51697980 0.40093940 -0.28328890
v -0.54833330 0.49500000 -0.32225010
v -0.54833330 0.49500000 -0.32225010
v -0.55000000 0.50000000 -0.32608670
v -0.55000000 0.50000000 -0.32608670
v -0.55000000 0.50000000 -0.32608670
v -0.55000000 0.50000000 0.32608670
v -0.55000000 0.50000000 0.32608670
v -0.55000000 0.50000000 0.32608670
v -0.48333330 0.30000000 -0.27000000
v -0.48333330 0.30000000 -0.27000000
v -0.48333330 0.30000000 -0.27000000
v -0.48333330 0.30000000 0.27000000
v -0.48333330 0.30000000 0.27000000
v -0.48333330 0.30000000 0.27000000
v 0.55000000 0.50000000 0.32608670
v 0.55000000 0.50000000 0.32608670
v 0.55000000 0.50000000 0.32608670
v 0.51697980 0.40093940 -0.28328890
v 0.51697980 0.40093940 -0.28328890
v 0.48333330 0.30000000 -0.27000000
v 0.48333330 0.30000000 -0.27000000
v 0.48333330 0.30000000 -0.27000000
v 0.48333330 0.30000000 0.27000000
v 0.48333330 0.30000000 0.27000000
v 0.48333330 0.30000000 0.27000000
v -0.51697980 0.40093940 1.03671100
v -0.51697980 0.40093940 1.03671100
v -0.54833330 0.49500000 0.99774990
v -0.54833330 0.49500000 0.99774990
v -0.55000000 0.57577160 0.38422830
v -0.55000000 0.57577160 0.38422830
v -0.55000000 0.63774990 0.46500000
v -0.55000000 0.63774990 0.46500000
v -0.55000000 0.67671110 -0.76093940
v -0.55000000 0.67671110 -0.76093940
v -0.55000000 0.57577160 -0.93577160
v -0.55000000 0.57577160 -0.93577160
v -0.55000000 0.67671110 0.55906060
v -0.55000000 0.67671110 0.55906060
v -0.55000000 0.68999990 0.66000000
v -0.55000000 0.68999990 0.66000000
v -0.55000000 0.67671110 0.76093940
v -0.55000000 0.67671110 0.76093940
v -0.55000000 0.50000000 0.99391330
v -0.55000000 0.50000000 0.99391330
v -0.55000000 0.50000000 0.99391330
v -0.55000000 0.63774990 -0.85500000
v -0.55000000 0.63774990 -0.85500000
v -0.51666670 0.40000000 1.11666700
v -0.51666670 0.40000000 1.11666700
v -0.51666670 0.40000000 1.11666700
v -0.55000000 0.50000000 1.15000000
v -0.55000000 0.50000000 1.15000000
v -0.55000000 0.50000000 1.15000000
v -0.55000000 0.50000000 1.15000000
v -0.51666670 0.40000000 1.03683500
v -0.51666670 0.40000000 1.03683500
v -0.55000000 0.40000000 1.20000000
v -0.55000000 0.40000000 1.20000000
v -0.62071070 0.40000000 1.17071100
v -0.62071070 0.40000000 1.17071100
v 0.55000000 0.40000000 1.20000000
v 0.55000000 0.40000000 1.20000000
v 0.62071070 0.40000000 1.17071100
v 0.62071070 0.40000000 1.17071100
v -0.55000000 0.20000000 1.20000000
v -0.55000000 0.20000000 1.20000000
v -0.62071070 0.20000000 1.17071100
v -0.62071070 0.20000000 1.17071100
v 0.55000000 0.20000000 1.20000000
v 0.55000000 0.20000000 1.20000000
v 0.62071070 0.20000000 1.17071100
v 0.62071070 0.20000000 1.17071100
v 0.55000000 0.20000000 -1.25000000
v 0.55000000 0.20000000 -1.25000000
v 0.62071070 0.20000000 -1.22071100
v 0.62071070 0.20000000 -1.22071100
v 0.55000000 0.40000000 -1.25000000
v 0.55000000 0.40000000 -1.25000000
v 0.62071070 0.40000000 -1.22071100
v 0.62071070 0.40000000 -1.22071100
v -0.55000000 0.20000000 -1.25000000
v -0.55000000 0.20000000 -1.25000000
v -0.55000000 0.40000000 -1.25000000
v -0.55000000 0.40000000 -1.25000000
v -0.62071070 0.20000000 -1.22071100
v -0.62071070 0.20000000 -1.22071100
v -0.62071070 0.40000000 -1.22071100
v -0.62071070 0.40000000 -1.22071100
v 0.40000000 0.20000000 -0.36000000
v 0.40000000 0.20000000 -0.36000000
v 0.40000000 0.20000000 -0.36000000
v 0.40000000 0.20000000 0.36000000
v 0.40000000 0.20000000 0.36000000
v 0.40000000 0.20000000 0.36000000
v 0.40000000 0.20000000 -0.96000000
v 0.40000000 0.20000000 -0.96000000
v 0.40000000 0.20000000 -0.96000000
v -0.40000000 0.20000000 -0.96000000
v -0.40000000 0.20000000 -0.96000000
v -0.40000000 0.20000000 -0.96000000
v -0.40000000 0.20000000 -0.36000000
v -0.40000000 0.20000000 -0.36000000
v -0.40000000 0.20000000 -0.36000000
v -0.40000000 0.20000000 0.96000000
v -0.40000000 0.20000000 0.96000000
v -0.40000000 0.20000000 0.96000000
v -0.40000000 0.20000000 0.36000000
v -0.40000000 0.20000000 0.36000000
v -0.40000000 0.20000000 0.36000000
v 0.40000000 0.20000000 0.96000000
v 0.40000000 0.20000000 0.96000000
v 0.40000000 0.20000000 0.96000000
v -0.12500000 0.15000000 -1.30000000
v -0.12500000 0.15000000 -1.30000000
v -0.17500000 0.20000000 -1.30000000
v -0.17500000 0.20000000 -1.30000000
v -0.12500000 0.15000000 -1.25000000
v -0.12500000 0.15000000 -1.25000000
v -0.17500000 0.20000000 -1.25000000
v -0.17500000 0.20000000 -1.25000000
v 0.12500000 0.15000000 -1.30000000
v 0.12500000 0.15000000 -1.30000000
v 0.12500000 0.15000000 -1.25000000
v 0.12500000 0.15000000 -1.25000000
v 0.17500000 0.20000000 -1.30000000
v 0.17500000 0.20000000 -1.30000000
v 0.17500000 0.20000000 -1.25000000
v 0.17500000 0.20000000 -1.25000000
v -0.12500000 0.32500000 -1.30000000
v -0.12500000 0.32500000 -1.30000000
v -0.12500000 0.32500000 -1.25000000
v -0.12500000 0.32500000 -1.25000000
v -0.17500000 0.27500000 -1.30000000
v -0.17500000 0.27500000 -1.30000000
v -0.17500000 0.27500000 -1.25000000
v -0.17500000 0.27500000 -1.25000000
v 0.17500000 0.27500000 -1.25000000
v 0.17500000 0.27500000 -1.25000000
v 0.12500000 0.32500000 -1.25000000
v 0.12500000 0.32500000 -1.25000000
v 0.12500000 0.32500000 -1.30000000
v 0.12500000 0.32500000 -1.30000000
v 0.17500000 0.27500000 -1.30000000
v 0.17500000 0.27500000 -1.30000000
v 0.12500000 0.15000000 1.25000000
v 0.12500000 0.15000000 1.25000000
v 0.17500000 0.20000000 1.25000000
v 0.17500000 0.20000000 1.25000000
v 0.12500000 0.15000000 1.20000000
v 0.12500000 0.15000000 1.20000000
v 0.17500000 0.20000000 1.20000000
v 0.17500000 0.20000000 1.20000000
v -0.12500000 0.15000000 1.25000000
v -0.12500000 0.15000000 1.25000000
v -0.12500000 0.15000000 1.20000000
v -0.12500000 0.15000000 1.20000000
v -0.17500000 0.20000000 1.25000000
v -0.17500000 0.20000000 1.25000000
v -0.17500000 0.20000000 1.20000000
v -0.17500000 0.20000000 1.20000000
v 0.12500000 0.32500000 1.25000000
v 0.12500000 0.32500000 1.25000000
v 0.12500000 0.32500000 1.20000000
v 0.12500000 0.32500000 1.20000000
v 0.17500000 0.27500000 1.25000000
v 0.17500000 0.27500000 1.25000000
v 0.17500000 0.27500000 1.20000000
v 0.17500000 0.27500000 1.20000000
v -0.17500000 0.27500000 1.20000000
v -0.17500000 0.27500000 1.20000000
v -0.12500000 0.32500000 1.20000000
v -0.12500000 0.32500000 1.20000000
v -0.12500000 0.32500000 1.25000000
v -0.12500000 0.32500000 1.25000000
v -0.17500000 0.27500000 1.25000000
v -0.17500000 0.27500000 1.25000000
v 0.40000000 0.45000000 -0.40019240
v 0.40000000 0.45000000 -0.40019240
v 0.40000000 0.51213200 -0.44786800
v 0.40000000 0.51213200 -0.44786800
v 0.40000000 0.55980770 -0.51000000
v 0.40000000 0.55980770 -0.51000000
v 0.40000000 0.58977780 -0.58235420
v 0.40000000 0.58977780 -0.58235420
v 0.40000000 0.37764570 -0.94977770
v 0.40000000 0.37764570 -0.94977770
v 0.40000000 0.45000000 -0.91980760
v 0.40000000 0.45000000 -0.91980760
v 0.40000000 0.55980770 0.81000000
v 0.40000000 0.55980770 0.81000000
v 0.40000000 0.58977780 0.73764570
v 0.40000000 0.58977780 0.73764570
v 0.40000000 0.45000000 0.91980770
v 0.40000000 0.45000000 0.91980770
v 0.40000000 0.51213200 0.87213210
v 0.40000000 0.51213200 0.87213210
v -0.40000000 0.30000000 -0.36000000
v -0.40000000 0.30000000 -0.36000000
v 0.40000000 0.60000000 -0.66000000
v 0.40000000 0.60000000 -0.66000000
v 0.40000000 0.58977780 -0.73764570
v 0.40000000 0.58977780 -0.73764570
v 0.40000000 0.30000000 0.36000000
v 0.40000000 0.30000000 0.36000000
v 0.40000000 0.30000000 -0.96000000
v 0.40000000 0.30000000 -0.96000000
v 0.40000000 0.55980770 0.51000000
v 0.40000000 0.55980770 0.51000000
v 0.40000000 0.51213200 0.44786800
v 0.40000000 0.51213200 0.44786800
v 0.40000000 0.55980770 -0.80999990
v 0.40000000 0.55980770 -0.80999990
v 0.40000000 0.51213200 -0.87213200
v 0.40000000 0.51213200 -0.87213200
v 0.40000000 0.60000000 0.66000000
v 0.40000000 0.60000000 0.66000000
v 0.40000000 0.58977780 0.58235430
v 0.40000000 0.58977780 0.58235430
v 0.40000000 0.37764570 0.37022220
v 0.40000000 0.37764570 0.37022220
v 0.40000000 0.37764570 -0.37022220
v 0.40000000 0.37764570 -0.37022220
v 0.40000000 0.30000000 -0.36000000
v 0.40000000 0.30000000 -0.36000000
v 0.40000000 0.45000000 0.40019240
v 0.40000000 0.45000000 0.40019240
v 0.40000000 0.30000000 0.96000000
v 0.40000000 0.30000000 0.96000000
v 0.40000000 0.37764570 0.94977770
v 0.40000000 0.37764570 0.94977770
v -0.40000000 0.30000000 0.96000000
v -0.40000000 0.30000000 0.96000000
v -0.40000000 0.37764570 0.94977770
v -0.40000000 0.37764570 0.94977770
v -0.40000000 0.30000000 0.36000000
v -0.40000000 0.30000000 0.36000000
v -0.40000000 0.60000000 0.66000000
v -0.40000000 0.60000000 0.66000000
v -0.40000000 0.58977780 0.58235430
v -0.40000000 0.58977780 0.58235430
v -0.40000000 0.55980770 0.51000000
v -0.40000000 0.55980770 0.51000000
v -0.40000000 0.45000000 0.91980770
v -0.40000000 0.45000000 0.91980770
v -0.40000000 0.51213200 0.87213210
v -0.40000000 0.51213200 0.87213210
v -0.40000000 0.37764570 0.37022220
v -0.40000000 0.37764570 0.37022220
v -0.40000000 0.45000000 0.40019240
v -0.40000000 0.45000000 0.40019240
v -0.40000000 0.51213200 0.44786800
v -0.40000000 0.51213200 0.44786800
v -0.40000000 0.55980770 0.81000000
v -0.40000000 0.55980770 0.81000000
v -0.40000000 0.58977780 0.73764570
v -0.40000000 0.58977780 0.73764570
v -0.40000000 0.30000000 -0.96000000
v -0.40000000 0.30000000 -0.96000000
v -0.40000000 0.37764570 -0.94977770
v -0.40000000 0.37764570 -0.94977770
v -0.40000000 0.45000000 -0.91980760
v -0.40000000 0.45000000 -0.91980760
v -0.40000000 0.51213200 -0.87213200
v -0.40000000 0.51213200 -0.87213200
v -0.40000000 0.55980770 -0.80999990
v -0.40000000 0.55980770 -0.80999990
v -0.40000000 0.58977780 -0.73764570
v -0.40000000 0.58977780 -0.73764570
v -0.40000000 0.60000000 -0.66000000
v -0.40000000 0.60000000 -0.66000000
v -0.40000000 0.58977780 -0.58235420
v -0.40000000 0.58977780 -0.58235420
v -0.40000000 0.55980770 -0.51000000
v -0.40000000 0.55980770 -0.51000000
v -0.40000000 0.51213200 -0.44786800
v -0.40000000 0.51213200 -0.44786800
v -0.40000000 0.45000000 -0.40019240
v -0.40000000 0.45000000 -0.40019240
v -0.40000000 0.37764570 -0.37022220
v -0.40000000 0.37764570 -0.37022220
v 0.75000000 0.70000000 0.42290220
v 0.75000000 0.70000000 0.42290220
v 0.75000000 0.70000000 0.42290220
v 0.55000000 0.70000000 0.42290220
v 0.55000000 0.70000000 0.42290220
v 0.55000000 0.70000000 0.42290220
v 0.75000000 0.80000000 0.42290220
v 0.75000000 0.80000000 0.42290220
v 0.55000000 0.80000000 0.42290220
v 0.55000000 0.80000000 0.42290220
v 0.55000000 0.80000000 0.42290220
v 0.55000000 0.80000000 0.42290220
v 0.75000000 0.80000000 0.32290220
v 0.75000000 0.80000000 0.32290220
v 0.55000000 0.80000000 0.32290220
v 0.55000000 0.80000000 0.32290220
v 0.55000000 0.80000000 0.32290220
v -0.55000000 0.60000000 1.15000000
v -0.55000000 0.60000000 1.15000000
v -0.55000000 0.60000000 1.15000000
v -0.55000000 0.60000000 1.05000000
v -0.55000000 0.71666670 1.05000000
v -0.55000000 0.71666670 1.05000000
v -0.55000000 0.80000000 0.55000000
v -0.55000000 0.80000000 0.55000000
v -0.55000000 0.80000000 0.55000000
v -0.55000000 0.80000000 0.42290220
v -0.55000000 0.80000000 0.42290220
v -0.55000000 0.80000000 0.42290220
v -0.55000000 0.80000000 0.42290220
v -0.55000000 0.70000000 0.42290220
v -0.55000000 0.70000000 0.42290220
v -0.55000000 0.70000000 0.42290220
v -0.55000000 0.70000000 0.32290220
v -0.55000000 0.70000000 0.32290220
v -0.55000000 0.70000000 0.32290220
v -0.55000000 0.80000000 -0.14022870
v -0.55000000 0.80000000 -0.14022870
v -0.55000000 0.80000000 0.32290220
v -0.55000000 0.80000000 0.32290220
v -0.55000000 0.80000000 0.32290220
v -0.55000000 0.80000000 -0.74999990
v -0.55000000 0.80000000 -0.74999990
v -0.55000000 0.80000000 -0.74999990
v -0.55000000 0.70000000 -1.25000000
v -0.55000000 0.70000000 -1.25000000
v -0.55000000 0.60000000 -1.25000000
v -0.55000000 0.60000000 -1.25000000
v 0.75000000 0.70000000 0.32290220
v 0.75000000 0.70000000 0.32290220
v 0.75000000 0.70000000 0.32290220
v 0.55000000 0.70000000 0.32290220
v 0.55000000 0.70000000 0.32290220
v 0.55000000 0.70000000 0.32290220
v 0.55000000 0.70000000 -1.25000000
v 0.55000000 0.70000000 -1.25000000
v 0.55000000 0.80000000 -0.74999990
v 0.55000000 0.80000000 -0.74999990
v 0.55000000 0.80000000 -0.74999990
v 0.27500000 0.70000000 -1.25000000
v 0.27500000 0.70000000 -1.25000000
v -0.27500000 0.70000000 -1.25000000
v -0.27500000 0.70000000 -1.25000000
v 0.55000000 0.80000000 0.55000000
v 0.55000000 0.80000000 0.55000000
v 0.55000000 0.80000000 0.55000000
v 0.44878780 0.80000000 0.55000000
v 0.45000000 1.30000000 0.15000000
v 0.45000000 1.30000000 0.15000000
v 0.36440520 1.22191300 0.21246950
v -0.36440520 1.22191300 0.21246950
v -0.45000000 1.30000000 0.15000000
v -0.45000000 1.30000000 0.15000000
v -0.44878780 0.80000000 0.55000000
v -0.75000000 0.70000000 0.42290220
v -0.75000000 0.70000000 0.42290220
v -0.75000000 0.70000000 0.42290220
v -0.75000000 0.70000000 0.32290220
v -0.75000000 0.70000000 0.32290220
v -0.75000000 0.70000000 0.32290220
v 0.55000000 0.71666670 1.05000000
v 0.55000000 0.71666670 1.05000000
v 0.55000000 0.70000000 1.15000000
v 0.55000000 0.70000000 1.15000000
v 0.27500000 0.70000000 1.15000000
v 0.27500000 0.70000000 1.15000000
v 0.27500000 0.70000000 1.15000000
v -0.27500000 0.70000000 1.15000000
v -0.27500000 0.70000000 1.15000000
v -0.27500000 0.70000000 1.15000000
v -0.55000000 0.70000000 1.15000000
v -0.55000000 0.70000000 1.15000000
v -0.75000000 0.80000000 0.32290220
v -0.75000000 0.80000000 0.32290220
v -0.75000000 0.80000000 0.42290220
v -0.75000000 0.80000000 0.42290220
v 0.27500000 0.60000000 -1.25000000
v -0.27500000 0.60000000 -1.25000000
v 0.55000000 0.60000000 -1.25000000
v 0.55000000 0.60000000 -1.25000000
v 0.55000000 0.60000000 1.05000000
v 0.55000000 0.60000000 1.15000000
v 0.55000000 0.60000000 1.15000000
v 0.55000000 0.60000000 1.15000000
v 0.55000000 0.80000000 -0.14022870
v 0.55000000 0.80000000 -0.14022870
v 0.45000000 1.30000000 -0.49614840
v 0.45000000 1.30000000 -0.49614840
v -0.45000000 1.30000000 -0.49614840
v -0.45000000 1.30000000 -0.49614840
v 0.46000000 1.25000000 -0.57000000
v 0.46000000 1.25000000 -0.57000000
v -0.46000000 1.25000000 -0.57000000
v -0.46000000 1.25000000 -0.57000000
v 0.46961160 1.20194200 0.10134870
v 0.46961160 1.20194200 -0.14022870
v -0.46961160 1.20194200 -0.14022870
v -0.46961160 1.20194200 0.10134870
v -0.27500000 0.60000000 1.15000000
v -0.27500000 0.60000000 1.15000000
v 0.27500000 0.60000000 1.15000000
v 0.27500000 0.60000000 1.15000000
v -0.42972100 0.89284770 -0.71286090
v 0.42972100 0.89284770 -0.71286090
v -0.36686000 1.20715200 -0.58713910
v 0.36686000 1.20715200 -0.58713910
v 0.55000000 0.71666670 1.05000000
v 0.55000000 0.60000000 1.05000000
v -0.55000000 0.60000000 1.05000000
v -0.55000000 0.71666670 1.05000000
v -0.42972100 0.89284770 -0.71286100
v 0.42972100 0.89284770 -0.71286100
v -0.36686000 1.20715200 -0.58713920
v 0.36686000 1.20715200 -0.58713920
v 0.44878780 0.80000000 0.54999990
v -0.44878780 0.80000000 0.54999990
v 0.36440520 1.22191300 0.21246940
v -0.36440520 1.22191300 0.21246940
v 0.46961160 1.20194200 -0.14022880
v 0.55000000 0.80000000 -0.14022880
v 0.46961160 1.20194200 0.10134860
v 0.55000000 0.80000000 0.32290210
v 0.55000000 0.80000000 0.42290210
v -0.55000000 0.80000000 -0.14022880
v -0.46961160 1.20194200 -0.14022880
v -0.55000000 0.80000000 0.32290210
v -0.46961160 1.20194200 0.10134860
v -0.55000000 0.80000000 0.42290210
v -0.55000000 0.60000000 -1.25000000
v -0.27500000 0.60000000 -1.25000000
v -0.55000000 0.70000000 -1.25000000
v -0.27500000 0.70000000 -1.25000000
v 0.27500000 0.60000000 -1.25000000
v 0.55000000 0.60000000 -1.25000000
v 0.27500000 0.70000000 -1.25000000
v 0.55000000 0.70000000 -1.25000000
v 0.35000000 0.55980770 -0.80999990
v 0.50000000 0.55980770 -0.80999990
v 0.35000000 0.51213200 -0.87213200
v 0.50000000 0.51213200 -0.87213200
v 0.60000000 0.30000000 -0.91500000
v 0.60000000 0.30000000 -0.91500000
v 0.50000000 0.30000000 -0.96000000
v 0.60000000 0.36599890 -0.90631100
v 0.60000000 0.36599890 -0.90631100
v 0.50000000 0.37764570 -0.94977770
v 0.50000000 0.08786798 -0.44786790
v 0.60000000 0.11968780 -0.47968780
v 0.60000000 0.11968780 -0.47968780
v 0.50000000 0.15000000 -0.40019240
v 0.60000000 0.17250000 -0.43916350
v 0.60000000 0.17250000 -0.43916350
v 0.60000000 0.42750000 -0.88083640
v 0.60000000 0.42750000 -0.88083640
v 0.50000000 0.45000000 -0.91980760
v 0.60000000 0.48031220 -0.84031220
v 0.60000000 0.48031220 -0.84031220
v 0.35000000 0.08786798 -0.44786790
v 0.35000000 0.15000000 -0.40019240
v 0.35000000 0.22235430 -0.37022220
v 0.50000000 0.22235430 -0.37022220
v 0.35000000 0.30000000 -0.36000000
v 0.50000000 0.30000000 -0.36000000
v 0.60000000 0.52083650 -0.78750000
v 0.60000000 0.52083650 -0.78750000
v 0.50000000 0.04019240 -0.80999990
v 0.50000000 0.08786798 -0.87213200
v 0.60000000 0.07916354 -0.78750000
v 0.60000000 0.07916354 -0.78750000
v 0.60000000 0.11968780 -0.84031220
v 0.60000000 0.11968780 -0.84031220
v 0.50000000 0.04019240 -0.51000000
v 0.60000000 0.07916354 -0.53250000
v 0.60000000 0.07916354 -0.53250000
v 0.50000000 0.55980770 -0.51000000
v 0.60000000 0.52083650 -0.53250000
v 0.60000000 0.52083650 -0.53250000
v 0.50000000 0.58977780 -0.58235420
v 0.60000000 0.54631110 -0.59400110
v 0.60000000 0.54631110 -0.59400110
v 0.50000000 0.51213200 -0.44786790
v 0.60000000 0.48031220 -0.47968780
v 0.60000000 0.48031220 -0.47968780
v 0.60000000 0.23400120 -0.41368890
v 0.60000000 0.23400120 -0.41368890
v 0.35000000 0.37764570 -0.37022220
v 0.50000000 0.37764570 -0.37022220
v 0.35000000 0.45000000 -0.40019240
v 0.50000000 0.45000000 -0.40019240
v 0.50000000 0.58977780 -0.73764570
v 0.60000000 0.54631110 -0.72599880
v 0.60000000 0.54631110 -0.72599880
v 0.35000000 0.08786798 -0.87213200
v 0.50000000 0.15000000 -0.91980760
v 0.35000000 0.15000000 -0.91980760
v 0.35000000 0.51213200 -0.44786790
v 0.35000000 0.01022226 -0.58235420
v 0.35000000 0.00000000 -0.66000000
v 0.50000000 0.01022226 -0.58235420
v 0.50000000 0.00000000 -0.66000000
v 0.35000000 0.60000000 -0.66000000
v 0.50000000 0.60000000 -0.66000000
v 0.35000000 0.58977780 -0.73764570
v 0.50000000 0.22235430 -0.94977770
v 0.35000000 0.22235430 -0.94977770
v 0.60000000 0.30000000 -0.40500000
v 0.60000000 0.30000000 -0.40500000
v 0.35000000 0.04019240 -0.80999990
v 0.35000000 0.01022226 -0.73764570
v 0.50000000 0.01022226 -0.73764570
v 0.60000000 0.42750000 -0.43916350
v 0.60000000 0.42750000 -0.43916350
v 0.35000000 0.04019240 -0.51000000
v 0.60000000 0.55500000 -0.66000000
v 0.60000000 0.55500000 -0.66000000
v 0.60000000 0.36599890 -0.41368890
v 0.60000000 0.36599890 -0.41368890
v 0.35000000 0.45000000 -0.91980760
v 0.35000000 0.55980770 -0.51000000
v 0.35000000 0.30000000 -0.96000000
v 0.35000000 0.37764570 -0.94977770
v 0.60000000 0.05368893 -0.72599880
v 0.60000000 0.05368893 -0.72599880
v 0.60000000 0.17250000 -0.88083640
v 0.60000000 0.17250000 -0.88083640
v 0.25000000 0.54631110 -0.72599880
v 0.25000000 0.54631110 -0.72599880
v 0.25000000 0.52083650 -0.78750000
v 0.25000000 0.52083650 -0.78750000
v 0.60000000 0.05368893 -0.59400110
v 0.60000000 0.05368893 -0.59400110
v 0.60000000 0.23400120 -0.90631100
v 0.60000000 0.23400120 -0.90631100
v 0.60000000 0.04500002 -0.66000000
v 0.60000000 0.04500002 -0.66000000
v 0.35000000 0.58977780 -0.58235420
v 0.25000000 0.48031220 -0.47968780
v 0.25000000 0.48031220 -0.47968780
v 0.25000000 0.52083650 -0.53250000
v 0.25000000 0.52083650 -0.53250000
v 0.25000000 0.07916354 -0.53250000
v 0.25000000 0.07916354 -0.53250000
v 0.25000000 0.05368893 -0.59400110
v 0.25000000 0.05368893 -0.59400110
v 0.25000000 0.54631110 -0.59400110
v 0.25000000 0.54631110 -0.59400110
v 0.25000000 0.55500000 -0.66000000
v 0.25000000 0.55500000 -0.66000000
v 0.25000000 0.36599890 -0.90631100
v 0.25000000 0.36599890 -0.90631100
v 0.25000000 0.42750000 -0.88083640
v 0.25000000 0.42750000 -0.88083640
v 0.25000000 0.30000000 -0.40500000
v 0.25000000 0.30000000 -0.40500000
v 0.25000000 0.36599890 -0.41368890
v 0.25000000 0.36599890 -0.41368890
v 0.25000000 0.17250000 -0.43916350
v 0.25000000 0.17250000 -0.43916350
v 0.25000000 0.23400120 -0.41368890
v 0.25000000 0.23400120 -0.41368890
v 0.25000000 0.42750000 -0.43916350
v 0.25000000 0.42750000 -0.43916350
v 0.25000000 0.11968780 -0.47968780
v 0.25000000 0.11968780 -0.47968780
v 0.25000000 0.04500002 -0.66000000
v 0.25000000 0.04500002 -0.66000000
v 0.25000000 0.48031220 -0.84031220
v 0.25000000 0.48031220 -0.84031220
v 0.25000000 0.11968780 -0.84031220
v 0.25000000 0.11968780 -0.84031220
v 0.25000000 0.17250000 -0.88083640
v 0.25000000 0.17250000 -0.88083640
v 0.25000000 0.23400120 -0.90631100
v 0.25000000 0.23400120 -0.90631100
v 0.25000000 0.30000000 -0.91500000
v 0.25000000 0.30000000 -0.91500000
v 0.25000000 0.05368893 -0.72599880
v 0.25000000 0.05368893 -0.72599880
v 0.25000000 0.07916354 -0.78750000
v 0.25000000 0.07916354 -0.78750000
v 0.60000000 0.30000000 -0.84136820
v 0.60000000 0.25305850 -0.83518820
v 0.60000000 0.34694160 -0.83518820
v 0.60000000 0.20931590 -0.81706940
v 0.60000000 0.17175330 -0.78824660
v 0.60000000 0.14293050 -0.75068410
v 0.60000000 0.12481180 -0.70694150
v 0.60000000 0.11863180 -0.66000000
v 0.60000000 0.39068410 -0.81706940
v 0.60000000 0.42824670 -0.78824660
v 0.60000000 0.45706950 -0.75068410
v 0.60000000 0.47518830 -0.70694150
v 0.60000000 0.12481180 -0.61305840
v 0.60000000 0.14293050 -0.56931590
v 0.60000000 0.17175330 -0.53175330
v 0.60000000 0.48136820 -0.66000000
v 0.60000000 0.47518830 -0.61305840
v 0.60000000 0.45706950 -0.56931590
v 0.60000000 0.42824670 -0.53175330
v 0.60000000 0.20931590 -0.50293050
v 0.60000000 0.25305850 -0.48481170
v 0.60000000 0.39068410 -0.50293050
v 0.60000000 0.34694160 -0.48481170
v 0.60000000 0.30000000 -0.47863180
v 0.60000000 0.30000000 -0.47863180
v 0.60000000 0.25305850 -0.48481170
v 0.60000000 0.34694160 -0.48481170
v 0.60000000 0.39068410 -0.50293050
v 0.60000000 0.20931590 -0.50293050
v 0.60000000 0.42824670 -0.53175330
v 0.60000000 0.17175330 -0.53175330
v 0.60000000 0.30000000 -0.53952200
v 0.60000000 0.33118200 -0.54362720
v 0.60000000 0.26881800 -0.54362720
v 0.60000000 0.45706950 -0.56931590
v 0.60000000 0.36023900 -0.55566300
v 0.60000000 0.38519080 -0.57480920
v 0.60000000 0.14293050 -0.56931590
v 0.60000000 0.23976100 -0.55566300
v 0.60000000 0.21480920 -0.57480920
v 0.60000000 0.47518820 -0.61305840
v 0.60000000 0.40433700 -0.59976100
v 0.60000000 0.41637280 -0.62881800
v 0.60000000 0.48136820 -0.66000000
v 0.60000000 0.42047800 -0.66000000
v 0.60000000 0.12481180 -0.61305840
v 0.60000000 0.19566300 -0.59976100
v 0.60000000 0.18362720 -0.62881800
v 0.60000000 0.47518820 -0.70694150
v 0.60000000 0.41637280 -0.69118200
v 0.60000000 0.40433700 -0.72023890
v 0.60000000 0.11863180 -0.66000000
v 0.60000000 0.17952200 -0.66000000
v 0.60000000 0.18362720 -0.69118200
v 0.60000000 0.12481180 -0.70694150
v 0.60000000 0.19566300 -0.72023890
v 0.60000000 0.45706950 -0.75068410
v 0.60000000 0.38519080 -0.74519070
v 0.60000000 0.36023900 -0.76433690
v 0.60000000 0.14293050 -0.75068410
v 0.60000000 0.21480920 -0.74519070
v 0.60000000 0.23976100 -0.76433690
v 0.60000000 0.42824670 -0.78824660
v 0.60000000 0.17175330 -0.78824660
v 0.60000000 0.33118200 -0.77637270
v 0.60000000 0.26881800 -0.77637270
v 0.60000000 0.30000000 -0.78047790
v 0.60000000 0.39068410 -0.81706940
v 0.60000000 0.20931590 -0.81706940
v 0.60000000 0.34694160 -0.83518820
v 0.60000000 0.25305850 -0.83518820
v 0.60000000 0.30000000 -0.84136820
v 0.55000010 0.38727960 -0.63661350
v 0.55000010 0.38727960 -0.63661350
v 0.55000010 0.39035850 -0.66000000
v 0.55000010 0.39035850 -0.66000000
v 0.60000010 0.41637280 -0.62881800
v 0.60000010 0.42047800 -0.66000000
v 0.55000010 0.21272040 -0.63661350
v 0.55000010 0.21272040 -0.63661350
v 0.55000010 0.22174730 -0.61482070
v 0.55000010 0.22174730 -0.61482070
v 0.60000010 0.18362720 -0.62881800
v 0.60000010 0.19566300 -0.59976100
v 0.55000010 0.23610690 -0.72389300
v 0.55000010 0.23610690 -0.72389300
v 0.55000010 0.22174730 -0.70517920
v 0.55000010 0.22174730 -0.70517920
v 0.60000010 0.21480920 -0.74519070
v 0.60000010 0.19566300 -0.72023890
v 0.60000010 0.26881800 -0.54362720
v 0.55000010 0.27661350 -0.57272040
v 0.55000010 0.27661350 -0.57272040
v 0.60000010 0.30000000 -0.53952200
v 0.55000010 0.30000000 -0.56964150
v 0.55000010 0.30000000 -0.56964150
v 0.55000010 0.20964150 -0.66000000
v 0.55000010 0.20964150 -0.66000000
v 0.60000010 0.17952200 -0.66000000
v 0.55000010 0.32338650 -0.74727950
v 0.55000010 0.32338650 -0.74727950
v 0.60000010 0.33118200 -0.77637270
v 0.55000010 0.34517930 -0.73825270
v 0.55000010 0.34517930 -0.73825270
v 0.60000010 0.36023900 -0.76433690
v 0.55000010 0.32338650 -0.57272040
v 0.55000010 0.32338650 -0.57272040
v 0.60000010 0.33118200 -0.54362720
v 0.55000010 0.23610690 -0.59610690
v 0.55000010 0.23610690 -0.59610690
v 0.60000010 0.21480920 -0.57480920
v 0.55000010 0.30000000 -0.75035850
v 0.55000010 0.30000000 -0.75035850
v 0.60000010 0.30000000 -0.78047790
v 0.55000010 0.21272040 -0.68338640
v 0.55000010 0.21272040 -0.68338640
v 0.60000010 0.18362720 -0.69118200
v 0.60000010 0.23976100 -0.76433690
v 0.60000010 0.26881800 -0.77637270
v 0.55000010 0.25482080 -0.73825270
v 0.55000010 0.25482080 -0.73825270
v 0.55000010 0.27661350 -0.74727950
v 0.55000010 0.27661350 -0.74727950
v 0.55000010 0.36389310 -0.59610690
v 0.55000010 0.36389310 -0.59610690
v 0.55000010 0.37825270 -0.61482070
v 0.55000010 0.37825270 -0.61482070
v 0.60000010 0.38519080 -0.57480920
v 0.60000010 0.40433700 -0.59976100
v 0.55000010 0.36389310 -0.72389300
v 0.55000010 0.36389310 -0.72389300
v 0.60000010 0.38519080 -0.74519070
v 0.60000010 0.23976100 -0.55566300
v 0.55000010 0.25482080 -0.58174720
v 0.55000010 0.25482080 -0.58174720
v 0.55000010 0.37825270 -0.70517920
v 0.55000010 0.37825270 -0.70517920
v 0.55000010 0.38727960 -0.68338640
v 0.55000010 0.38727960 -0.68338640
v 0.55000010 0.34517930 -0.58174720
v 0.55000010 0.34517930 -0.58174720
v 0.60000010 0.41637280 -0.69118200
v 0.60000010 0.40433700 -0.72023890
v 0.60000010 0.36023900 -0.55566300
v -0.35000000 0.55980770 -0.80999990
v -0.50000000 0.55980770 -0.80999990
v -0.35000000 0.51213200 -0.87213200
v -0.50000000 0.51213200 -0.87213200
v -0.60000000 0.30000000 -0.91500000
v -0.60000000 0.30000000 -0.91500000
v -0.50000000 0.30000000 -0.96000000
v -0.60000000 0.36599890 -0.90631100
v -0.60000000 0.36599890 -0.90631100
v -0.50000000 0.37764570 -0.94977770
v -0.50000000 0.08786798 -0.44786790
v -0.60000000 0.11968780 -0.47968780
v -0.60000000 0.11968780 -0.47968780
v -0.50000000 0.15000000 -0.40019240
v -0.60000000 0.17250000 -0.43916350
v -0.60000000 0.17250000 -0.43916350
v -0.60000000 0.42750000 -0.88083640
v -0.60000000 0.42750000 -0.88083640
v -0.50000000 0.45000000 -0.91980760
v -0.60000000 0.48031220 -0.84031220
v -0.60000000 0.48031220 -0.84031220
v -0.35000000 0.08786798 -0.44786790
v -0.35000000 0.15000000 -0.40019240
v -0.35000000 0.22235430 -0.37022220
v -0.50000000 0.22235430 -0.37022220
v -0.35000000 0.30000000 -0.36000000
v -0.50000000 0.30000000 -0.36000000
v -0.60000000 0.52083650 -0.78750000
v -0.60000000 0.52083650 -0.78750000
v -0.50000000 0.04019240 -0.80999990
v -0.50000000 0.08786798 -0.87213200
v -0.60000000 0.07916354 -0.78750000
v -0.60000000 0.07916354 -0.78750000
v -0.60000000 0.11968780 -0.84031220
v -0.60000000 0.11968780 -0.84031220
v -0.50000000 0.04019240 -0.51000000
v -0.60000000 0.07916354 -0.53250000
v -0.60000000 0.07916354 -0.53250000
v -0.50000000 0.55980770 -0.51000000
v -0.60000000 0.52083650 -0.53250000
v -0.60000000 0.52083650 -0.53250000
v -0.50000000 0.58977780 -0.58235420
v -0.60000000 0.54631110 -0.59400110
v -0.60000000 0.54631110 -0.59400110
v -0.50000000 0.51213200 -0.44786790
v -0.60000000 0.48031220 -0.47968780
v -0.60000000 0.48031220 -0.47968780
v -0.60000000 0.23400120 -0.41368890
v -0.60000000 0.23400120 -0.41368890
v -0.35000000 0.37764570 -0.37022220
v -0.50000000 0.37764570 -0.37022220
v -0.35000000 0.45000000 -0.40019240
v -0.50000000 0.45000000 -0.40019240
v -0.50000000 0.58977780 -0.73764570
v -0.60000000 0.54631110 -0.72599880
v -0.60000000 0.54631110 -0.72599880
v -0.35000000 0.08786798 -0.87213200
v -0.50000000 0.15000000 -0.91980760
v -0.35000000 0.15000000 -0.91980760
v -0.35000000 0.51213200 -0.44786790
v -0.35000000 0.01022226 -0.58235420
v -0.35000000 0.00000000 -0.66000000
v -0.50000000 0.01022226 -0.58235420
v -0.50000000 0.00000000 -0.66000000
v -0.35000000 0.60000000 -0.66000000
v -0.50000000 0.60000000 -0.66000000
v -0.35000000 0.58977780 -0.73764570
v -0.50000000 0.22235430 -0.94977770
v -0.35000000 0.22235430 -0.94977770
v -0.60000000 0.30000000 -0.40500000
v -0.60000000 0.30000000 -0.40500000
v -0.35000000 0.04019240 -0.80999990
v -0.35000000 0.01022226 -0.73764570
v -0.50000000 0.01022226 -0.73764570
v -0.60000000 0.42750000 -0.43916350
v -0.60000000 0.42750000 -0.43916350
v -0.35000000 0.04019240 -0.51000000
v -0.60000000 0.55500000 -0.66000000
v -0.60000000 0.55500000 -0.66000000
v -0.60000000 0.36599890 -0.41368890
v -0.60000000 0.36599890 -0.41368890
v -0.35000000 0.45000000 -0.91980760
v -0.35000000 0.55980770 -0.51000000
v -0.35000000 0.30000000 -0.96000000
v -0.35000000 0.37764570 -0.94977770
v -0.60000000 0.05368893 -0.72599880
v -0.60000000 0.05368893 -0.72599880
v -0.60000000 0.17250000 -0.88083640
v -0.60000000 0.17250000 -0.88083640
v -0.25000000 0.54631110 -0.72599880
v -0.25000000 0.54631110 -0.72599880
v -0.25000000 0.52083650 -0.78750000
v -0.25000000 0.52083650 -0.78750000
v -0.60000000 0.05368893 -0.59400110
v -0.60000000 0.05368893 -0.59400110
v -0.60000000 0.23400120 -0.90631100
v -0.60000000 0.23400120 -0.90631100
v -0.60000000 0.04500002 -0.66000000
v -0.60000000 0.04500002 -0.66000000
v -0.35000000 0.58977780 -0.58235420
v -0.25000000 0.48031220 -0.47968780
v -0.25000000 0.48031220 -0.47968780
v -0.25000000 0.52083650 -0.53250000
v -0.25000000 0.52083650 -0.53250000
v -0.25000000 0.07916354 -0.53250000
v -0.25000000 0.07916354 -0.53250000
v -0.25000000 0.05368893 -0.59400110
v -0.25000000 0.05368893 -0.59400110
v -0.25000000 0.54631110 -0.59400110
v -0.25000000 0.54631110 -0.59400110
v -0.25000000 0.55500000 -0.66000000
v -0.25000000 0.55500000 -0.66000000
v -0.25000000 0.36599890 -0.90631100
v -0.25000000 0.36599890 -0.90631100
v -0.25000000 0.42750000 -0.88083640
v -0.25000000 0.42750000 -0.88083640
v -0.25000000 0.30000000 -0.40500000
v -0.25000000 0.30000000 -0.40500000
v -0.25000000 0.36599890 -0.41368890
v -0.25000000 0.36599890 -0.41368890
v -0.25000000 0.17250000 -0.43916350
v -0.25000000 0.17250000 -0.43916350
v -0.25000000 0.23400120 -0.41368890
v -0.25000000 0.23400120 -0.41368890
v -0.25000000 0.42750000 -0.43916350
v -0.25000000 0.42750000 -0.43916350
v -0.25000000 0.11968780 -0.47968780
v -0.25000000 0.11968780 -0.47968780
v -0.25000000 0.04500002 -0.66000000
v -0.25000000 0.04500002 -0.66000000
v -0.25000000 0.48031220 -0.84031220
v -0.25000000 0.48031220 -0.84031220
v -0.25000000 0.11968780 -0.84031220
v -0.25000000 0.11968780 -0.84031220
v -0.25000000 0.17250000 -0.88083640
v -0.25000000 0.17250000 -0.88083640
v -0.25000000 0.23400120 -0.90631100
v -0.25000000 0.23400120 -0.90631100
v -0.25000000 0.30000000 -0.91500000
v -0.25000000 0.30000000 -0.91500000
v -0.25000000 0.05368893 -0.72599880
v -0.25000000 0.05368893 -0.72599880
v -0.25000000 0.07916354 -0.78750000
v -0.25000000 0.07916354 -0.78750000
v -0.60000000 0.30000000 -0.84136820
v -0.60000000 0.25305850 -0.83518820
v -0.60000000 0.34694160 -0.83518820
v -0.60000000 0.20931590 -0.81706940
v -0.60000000 0.17175330 -0.78824660
v -0.60000000 0.14293050 -0.75068410
v -0.60000000 0.12481180 -0.70694150
v -0.60000000 0.11863180 -0.66000000
v -0.60000000 0.39068410 -0.81706940
v -0.60000000 0.42824670 -0.78824660
v -0.60000000 0.45706950 -0.75068410
v -0.60000000 0.47518830 -0.70694150
v -0.60000000 0.12481180 -0.61305840
v -0.60000000 0.14293050 -0.56931590
v -0.60000000 0.17175330 -0.53175330
v -0.60000000 0.48136820 -0.66000000
v -0.60000000 0.47518830 -0.61305840
v -0.60000000 0.45706950 -0.56931590
v -0.60000000 0.42824670 -0.53175330
v -0.60000000 0.20931590 -0.50293050
v -0.60000000 0.25305850 -0.48481170
v -0.60000000 0.39068410 -0.50293050
v -0.60000000 0.34694160 -0.48481170
v -0.60000000 0.30000000 -0.47863180
v -0.60000000 0.30000000 -0.47863180
v -0.60000000 0.25305850 -0.48481170
v -0.60000000 0.34694160 -0.48481170
v -0.60000000 0.39068410 -0.50293050
v -0.60000000 0.20931590 -0.50293050
v -0.60000000 0.42824670 -0.53175330
v -0.60000000 0.17175330 -0.53175330
v -0.60000000 0.30000000 -0.53952200
v -0.60000000 0.33118200 -0.54362720
v -0.60000000 0.26881800 -0.54362720
v -0.60000000 0.45706950 -0.56931590
v -0.60000000 0.36023900 -0.55566300
v -0.60000000 0.38519080 -0.57480920
v -0.60000000 0.14293050 -0.56931590
v -0.60000000 0.23976100 -0.55566300
v -0.60000000 0.21480920 -0.57480920
v -0.60000000 0.47518820 -0.61305840
v -0.60000000 0.40433700 -0.59976100
v -0.60000000 0.41637280 -0.62881800
v -0.60000000 0.48136820 -0.66000000
v -0.60000000 0.42047800 -0.66000000
v -0.60000000 0.12481180 -0.61305840
v -0.60000000 0.19566300 -0.59976100
v -0.60000000 0.18362720 -0.62881800
v -0.60000000 0.47518820 -0.70694150
v -0.60000000 0.41637280 -0.69118200
v -0.60000000 0.40433700 -0.72023890
v -0.60000000 0.11863180 -0.66000000
v -0.60000000 0.17952200 -0.66000000
v -0.60000000 0.18362720 -0.69118200
v -0.60000000 0.12481180 -0.70694150
v -0.60000000 0.19566300 -0.72023890
v -0.60000000 0.45706950 -0.75068410
v -0.60000000 0.38519080 -0.74519070
v -0.60000000 0.36023900 -0.76433690
v -0.60000000 0.14293050 -0.75068410
v -0.60000000 0.21480920 -0.74519070
v -0.60000000 0.23976100 -0.76433690
v -0.60000000 0.42824670 -0.78824660
v -0.60000000 0.17175330 -0.78824660
v -0.60000000 0.33118200 -0.77637270
v -0.60000000 0.26881800 -0.77637270
v -0.60000000 0.30000000 -0.78047790
v -0.60000000 0.39068410 -0.81706940
v -0.60000000 0.20931590 -0.81706940
v -0.60000000 0.34694160 -0.83518820
v -0.60000000 0.25305850 -0.83518820
v -0.60000000 0.30000000 -0.84136820
v -0.55000010 0.38727960 -0.63661350
v -0.55000010 0.38727960 -0.63661350
v -0.55000010 0.39035850 -0.66000000
v -0.55000010 0.39035850 -0.66000000
v -0.60000010 0.41637280 -0.62881800
v -0.60000010 0.42047800 -0.66000000
v -0.55000010 0.21272040 -0.63661350
v -0.55000010 0.21272040 -0.63661350
v -0.55000010 0.22174730 -0.61482070
v -0.55000010 0.22174730 -0.61482070
v -0.60000010 0.18362720 -0.62881800
v -0.60000010 0.19566300 -0.59976100
v -0.55000010 0.23610690 -0.72389300
v -0.55000010 0.23610690 -0.72389300
v -0.55000010 0.22174730 -0.70517920
v -0.55000010 0.22174730 -0.70517920
v -0.60000010 0.21480920 -0.74519070
v -0.60000010 0.19566300 -0.72023890
v -0.60000010 0.26881800 -0.54362720
v -0.55000010 0.27661350 -0.57272040
v -0.55000010 0.27661350 -0.57272040
v -0.60000010 0.30000000 -0.53952200
v -0.55000010 0.30000000 -0.56964150
v -0.55000010 0.30000000 -0.56964150
v -0.55000010 0.20964150 -0.66000000
v -0.55000010 0.20964150 -0.66000000
v -0.60000010 0.17952200 -0.66000000
v -0.55000010 0.32338650 -0.74727950
v -0.55000010 0.32338650 -0.74727950
v -0.60000010 0.33118200 -0.77637270
v -0.55000010 0.34517930 -0.73825270
v -0.55000010 0.34517930 -0.73825270
v -0.60000010 0.36023900 -0.76433690
v -0.55000010 0.32338650 -0.57272040
v -0.55000010 0.32338650 -0.57272040
v -0.60000010 0.33118200 -0.54362720
v -0.55000010 0.23610690 -0.59610690
v -0.55000010 0.23610690 -0.59610690
v -0.60000010 0.21480920 -0.57480920
v -0.55000010 0.30000000 -0.75035850
v -0.55000010 0.30000000 -0.75035850
v -0.60000010 0.30000000 -0.78047790
v -0.55000010 0.21272040 -0.68338640
v -0.55000010 0.21272040 -0.68338640
v -0.60000010 0.18362720 -0.69118200
v -0.60000010 0.23976100 -0.76433690
v -0.60000010 0.26881800 -0.77637270
v -0.55000010 0.25482080 -0.73825270
v -0.55000010 0.25482080 -0.73825270
v -0.55000010 0.27661350 -0.74727950
v -0.55000010 0.27661350 -0.74727950
v -0.55000010 0.36389310 -0.59610690
v -0.55000010 0.36389310 -0.59610690
v -0.55000010 0.37825270 -0.61482070
v -0.55000010 0.37825270 -0.61482070
v -0.60000010 0.38519080 -0.57480920
v -0.60000010 0.40433700 -0.59976100
v -0.55000010 0.36389310 -0.72389300
v -0.55000010 0.36389310 -0.72389300
v -0.60000010 0.38519080 -0.74519070
v -0.60000010 0.23976100 -0.55566300
v -0.55000010 0.25482080 -0.58174720
v -0.55000010 0.25482080 -0.58174720
v -0.55000010 0.37825270 -0.70517920
v -0.55000010 0.37825270 -0.70517920
v -0.55000010 0.38727960 -0.68338640
v -0.55000010 0.38727960 -0.68338640
v -0.55000010 0.34517930 -0.58174720
v -0.55000010 0.34517930 -0.58174720
v -0.60000010 0.41637280 -0.69118200
v -0.60000010 0.40433700 -0.72023890
v -0.60000010 0.36023900 -0.55566300
v 0.35000000 0.55980770 0.51000000
v 0.50000000 0.55980770 0.51000000
v 0.35000000 0.51213200 0.44786790
v 0.50000000 0.51213200 0.44786790
v 0.60000000 0.30000000 0.40500000
v 0.60000000 0.30000000 0.40500000
v 0.50000000 0.30000000 0.36000000
v 0.60000000 0.36599890 0.41368890
v 0.60000000 0.36599890 0.41368890
v 0.50000000 0.37764570 0.37022220
v 0.50000000 0.08786798 0.87213200
v 0.60000000 0.11968780 0.84031220
v 0.60000000 0.11968780 0.84031220
v 0.50000000 0.15000000 0.91980760
v 0.60000000 0.17250000 0.88083640
v 0.60000000 0.17250000 0.88083640
v 0.60000000 0.42750000 0.43916350
v 0.60000000 0.42750000 0.43916350
v 0.50000000 0.45000000 0.40019240
v 0.60000000 0.48031220 0.47968780
v 0.60000000 0.48031220 0.47968780
v 0.35000000 0.08786798 0.87213200
v 0.35000000 0.15000000 0.91980760
v 0.35000000 0.22235430 0.94977770
v 0.50000000 0.22235430 0.94977770
v 0.35000000 0.30000000 0.96000000
v 0.50000000 0.30000000 0.96000000
v 0.60000000 0.52083650 0.53250000
v 0.60000000 0.52083650 0.53250000
v 0.50000000 0.04019240 0.51000000
v 0.50000000 0.08786798 0.44786790
v 0.60000000 0.07916354 0.53250000
v 0.60000000 0.07916354 0.53250000
v 0.60000000 0.11968780 0.47968780
v 0.60000000 0.11968780 0.47968780
v 0.50000000 0.04019240 0.80999990
v 0.60000000 0.07916354 0.78750000
v 0.60000000 0.07916354 0.78750000
v 0.50000000 0.55980770 0.80999990
v 0.60000000 0.52083650 0.78750000
v 0.60000000 0.52083650 0.78750000
v 0.50000000 0.58977780 0.73764570
v 0.60000000 0.54631110 0.72599880
v 0.60000000 0.54631110 0.72599880
v 0.50000000 0.51213200 0.87213200
v 0.60000000 0.48031220 0.84031220
v 0.60000000 0.48031220 0.84031220
v 0.60000000 0.23400120 0.90631100
v 0.60000000 0.23400120 0.90631100
v 0.35000000 0.37764570 0.94977770
v 0.50000000 0.37764570 0.94977770
v 0.35000000 0.45000000 0.91980760
v 0.50000000 0.45000000 0.91980760
v 0.50000000 0.58977780 0.58235420
v 0.60000000 0.54631110 0.59400110
v 0.60000000 0.54631110 0.59400110
v 0.35000000 0.08786798 0.44786790
v 0.50000000 0.15000000 0.40019240
v 0.35000000 0.15000000 0.40019240
v 0.35000000 0.51213200 0.87213200
v 0.35000000 0.01022226 0.73764570
v 0.35000000 0.00000000 0.66000000
v 0.50000000 0.01022226 0.73764570
v 0.50000000 0.00000000 0.66000000
v 0.35000000 0.60000000 0.66000000
v 0.50000000 0.60000000 0.66000000
v 0.35000000 0.58977780 0.58235420
v 0.50000000 0.22235430 0.37022220
v 0.35000000 0.22235430 0.37022220
v 0.60000000 0.30000000 0.91500000
v 0.60000000 0.30000000 0.91500000
v 0.35000000 0.04019240 0.51000000
v 0.35000000 0.01022226 0.58235420
v 0.50000000 0.01022226 0.58235420
v 0.60000000 0.42750000 0.88083640
v 0.60000000 0.42750000 0.88083640
v 0.35000000 0.04019240 0.80999990
v 0.60000000 0.55500000 0.66000000
v 0.60000000 0.55500000 0.66000000
v 0.60000000 0.36599890 0.90631100
v 0.60000000 0.36599890 0.90631100
v 0.35000000 0.45000000 0.40019240
v 0.35000000 0.55980770 0.80999990
v 0.35000000 0.30000000 0.36000000
v 0.35000000 0.37764570 0.37022220
v 0.60000000 0.05368893 0.59400110
v 0.60000000 0.05368893 0.59400110
v 0.60000000 0.17250000 0.43916350
v 0.60000000 0.17250000 0.43916350
v 0.25000000 0.54631110 0.59400110
v 0.25000000 0.54631110 0.59400110
v 0.25000000 0.52083650 0.53250000
v 0.25000000 0.52083650 0.53250000
v 0.60000000 0.05368893 0.72599880
v 0.60000000 0.05368893 0.72599880
v 0.60000000 0.23400120 0.41368890
v 0.60000000 0.23400120 0.41368890
v 0.60000000 0.04500002 0.66000000
v 0.60000000 0.04500002 0.66000000
v 0.35000000 0.58977780 0.73764570
v 0.25000000 0.48031220 0.84031220
v 0.25000000 0.48031220 0.84031220
v 0.25000000 0.52083650 0.78750000
v 0.25000000 0.52083650 0.78750000
v 0.25000000 0.07916354 0.78750000
v 0.25000000 0.07916354 0.78750000
v 0.25000000 0.05368893 0.72599880
v 0.25000000 0.05368893 0.72599880
v 0.25000000 0.54631110 0.72599880
v 0.25000000 0.54631110 0.72599880
v 0.25000000 0.55500000 0.66000000
v 0.25000000 0.55500000 0.66000000
v 0.25000000 0.36599890 0.41368890
v 0.25000000 0.36599890 0.41368890
v 0.25000000 0.42750000 0.43916350
v 0.25000000 0.42750000 0.43916350
v 0.25000000 0.30000000 0.91500000
v 0.25000000 0.30000000 0.91500000
v 0.25000000 0.36599890 0.90631100
v 0.25000000 0.36599890 0.90631100
v 0.25000000 0.17250000 0.88083640
v 0.25000000 0.17250000 0.88083640
v 0.25000000 0.23400120 0.90631100
v 0.25000000 0.23400120 0.90631100
v 0.25000000 0.42750000 0.88083640
v 0.25000000 0.42750000 0.88083640
v 0.25000000 0.11968780 0.84031220
v 0.25000000 0.11968780 0.84031220
v 0.25000000 0.04500002 0.66000000
v 0.25000000 0.04500002 0.66000000
v 0.25000000 0.48031220 0.47968780
v 0.25000000 0.48031220 0.47968780
v 0.25000000 0.11968780 0.47968780
v 0.25000000 0.11968780 0.47968780
v 0.25000000 0.17250000 0.43916350
v 0.25000000 0.17250000 0.43916350
v 0.25000000 0.23400120 0.41368890
v 0.25000000 0.23400120 0.41368890
v 0.25000000 0.30000000 0.40500000
v 0.25000000 0.30000000 0.40500000
v 0.25000000 0.05368893 0.59400110
v 0.25000000 0.05368893 0.59400110
v 0.25000000 0.07916354 0.53250000
v 0.25000000 0.07916354 0.53250000
v 0.60000000 0.30000000 0.47863180
v 0.60000000 0.25305850 0.48481170
v 0.60000000 0.34694160 0.48481170
v 0.60000000 0.20931590 0.50293050
v 0.60000000 0.17175330 0.53175330
v 0.60000000 0.14293050 0.56931590
v 0.60000000 0.12481180 0.61305840
v 0.60000000 0.11863180 0.66000000
v 0.60000000 0.39068410 0.50293050
v 0.60000000 0.42824670 0.53175330
v 0.60000000 0.45706950 0.56931590
v 0.60000000 0.47518830 0.61305840
v 0.60000000 0.12481180 0.70694150
v 0.60000000 0.14293050 0.75068410
v 0.60000000 0.17175330 0.78824660
v 0.60000000 0.48136820 0.66000000
v 0.60000000 0.47518830 0.70694150
v 0.60000000 0.45706950 0.75068410
v 0.60000000 0.42824670 0.78824660
v 0.60000000 0.20931590 0.81706940
v 0.60000000 0.25305850 0.83518820
v 0.60000000 0.39068410 0.81706940
v 0.60000000 0.34694160 0.83518820
v 0.60000000 0.30000000 0.84136820
v 0.60000000 0.30000000 0.84136820
v 0.60000000 0.25305850 0.83518820
v 0.60000000 0.34694160 0.83518820
v 0.60000000 0.39068410 0.81706940
v 0.60000000 0.20931590 0.81706940
v 0.60000000 0.42824670 0.78824660
v 0.60000000 0.17175330 0.78824660
v 0.60000000 0.30000000 0.78047790
v 0.60000000 0.33118200 0.77637270
v 0.60000000 0.26881800 0.77637270
v 0.60000000 0.45706950 0.75068410
v 0.60000000 0.36023900 0.76433690
v 0.60000000 0.38519080 0.74519070
v 0.60000000 0.14293050 0.75068410
v 0.60000000 0.23976100 0.76433690
v 0.60000000 0.21480920 0.74519070
v 0.60000000 0.47518820 0.70694150
v 0.60000000 0.40433700 0.72023890
v 0.60000000 0.41637280 0.69118200
v 0.60000000 0.48136820 0.66000000
v 0.60000000 0.42047800 0.66000000
v 0.60000000 0.12481180 0.70694150
v 0.60000000 0.19566300 0.72023890
v 0.60000000 0.18362720 0.69118200
v 0.60000000 0.47518820 0.61305840
v 0.60000000 0.41637280 0.62881800
v 0.60000000 0.40433700 0.59976100
v 0.60000000 0.11863180 0.66000000
v 0.60000000 0.17952200 0.66000000
v 0.60000000 0.18362720 0.62881800
v 0.60000000 0.12481180 0.61305840
v 0.60000000 0.19566300 0.59976100
v 0.60000000 0.45706950 0.56931590
v 0.60000000 0.38519080 0.57480920
v 0.60000000 0.36023900 0.55566300
v 0.60000000 0.14293050 0.56931590
v 0.60000000 0.21480920 0.57480920
v 0.60000000 0.23976100 0.55566300
v 0.60000000 0.42824670 0.53175330
v 0.60000000 0.17175330 0.53175330
v 0.60000000 0.33118200 0.54362720
v 0.60000000 0.26881800 0.54362720
v 0.60000000 0.30000000 0.53952200
v 0.60000000 0.39068410 0.50293050
v 0.60000000 0.20931590 0.50293050
v 0.60000000 0.34694160 0.48481170
v 0.60000000 0.25305850 0.48481170
v 0.60000000 0.30000000 0.47863180
v 0.55000010 0.38727960 0.68338640
v 0.55000010 0.38727960 0.68338640
v 0.55000010 0.39035850 0.66000000
v 0.55000010 0.39035850 0.66000000
v 0.60000010 0.41637280 0.69118200
v 0.60000010 0.42047800 0.66000000
v 0.55000010 0.21272040 0.68338640
v 0.55000010 0.21272040 0.68338640
v 0.55000010 0.22174730 0.70517920
v 0.55000010 0.22174730 0.70517920
v 0.60000010 0.18362720 0.69118200
v 0.60000010 0.19566300 0.72023890
v 0.55000010 0.23610690 0.59610690
v 0.55000010 0.23610690 0.59610690
v 0.55000010 0.22174730 0.61482070
v 0.55000010 0.22174730 0.61482070
v 0.60000010 0.21480920 0.57480920
v 0.60000010 0.19566300 0.59976100
v 0.60000010 0.26881800 0.77637270
v 0.55000010 0.27661350 0.74727950
v 0.55000010 0.27661350 0.74727950
v 0.60000010 0.30000000 0.78047790
v 0.55000010 0.30000000 0.75035850
v 0.55000010 0.30000000 0.75035850
v 0.55000010 0.20964150 0.66000000
v 0.55000010 0.20964150 0.66000000
v 0.60000010 0.17952200 0.66000000
v 0.55000010 0.32338650 0.57272040
v 0.55000010 0.32338650 0.57272040
v 0.60000010 0.33118200 0.54362720
v 0.55000010 0.34517930 0.58174720
v 0.55000010 0.34517930 0.58174720
v 0.60000010 0.36023900 0.55566300
v 0.55000010 0.32338650 0.74727950
v 0.55000010 0.32338650 0.74727950
v 0.60000010 0.33118200 0.77637270
v 0.55000010 0.23610690 0.72389300
v 0.55000010 0.23610690 0.72389300
v 0.60000010 0.21480920 0.74519070
v 0.55000010 0.30000000 0.56964150
v 0.55000010 0.30000000 0.56964150
v 0.60000010 0.30000000 0.53952200
v 0.55000010 0.21272040 0.63661350
v 0.55000010 0.21272040 0.63661350
v 0.60000010 0.18362720 0.62881800
v 0.60000010 0.23976100 0.55566300
v 0.60000010 0.26881800 0.54362720
v 0.55000010 0.25482080 0.58174720
v 0.55000010 0.25482080 0.58174720
v 0.55000010 0.27661350 0.57272040
v 0.55000010 0.27661350 0.57272040
v 0.55000010 0.36389310 0.72389300
v 0.55000010 0.36389310 0.72389300
v 0.55000010 0.37825270 0.70517920
v 0.55000010 0.37825270 0.70517920
v 0.60000010 0.38519080 0.74519070
v 0.60000010 0.40433700 0.72023890
v 0.55000010 0.36389310 0.59610690
v 0.55000010 0.36389310 0.59610690
v 0.60000010 0.38519080 0.57480920
v 0.60000010 0.23976100 0.76433690
v 0.55000010 0.25482080 0.73825270
v 0.55000010 0.25482080 0.73825270
v 0.55000010 0.37825270 0.61482070
v 0.55000010 0.37825270 0.61482070
v 0.55000010 0.38727960 0.63661350
v 0.55000010 0.38727960 0.63661350
v 0.55000010 0.34517930 0.73825270
v 0.55000010 0.34517930 0.73825270
v 0.60000010 0.41637280 0.62881800
v 0.60000010 0.40433700 0.59976100
v 0.60000010 0.36023900 0.76433690
f 3 2 1
f 2 3 4
f 8 7 6
f 7 8 10
f 14 12 11
f 12 14 15
f 21 19 18
f 19 21 4
f 23 11 22
f 11 23 14
f 26 25 24
f 25 26 27
f 4 28 2
f 28 4 21
f 32 31 30
f 31 32 34
f 12 36 11
f 36 12 37
f 42 41 39
f 41 42 44
f 39 46 45
f 46 39 41
f 25 15 14
f 15 25 49
f 52 51 50
f 51 52 53
f 2 56 54
f 56 2 28
f 58 57 31
f 57 58 59
f 60 53 52
f 53 60 45
f 63 62 61
f 62 63 64
f 67 66 65
f 66 67 54
f 68 59 58
f 59 68 69
f 27 49 25
f 49 27 71
f 30 57 72
f 57 30 31
f 74 72 73
f 72 74 30
f 24 14 23
f 14 24 25
f 64 73 62
f 73 64 74
f 53 46 75
f 46 53 45
f 11 77 22
f 77 11 36
f 1 54 67
f 54 1 2
f 66 44 42
f 44 66 78
f 51 75 81
f 75 51 53
f 54 78 66
f 78 54 56
f 4 82 19
f 82 4 3
f 50 27 26
f 27 50 51
f 18 10 8
f 10 18 19
f 51 71 27
f 71 51 81
f 83 45 60
f 45 83 39
f 10 84 7
f 84 10 85
f 86 30 74
f 30 86 32
f 34 58 31
f 58 34 88
f 92 67 90
f 67 92 1
f 37 63 36
f 63 37 95
f 19 85 10
f 85 19 82
f 7 69 68
f 69 7 84
f 97 7 68
f 7 97 6
f 98 74 64
f 74 98 86
f 95 64 63
f 64 95 98
f 100 39 83
f 39 100 42
f 36 61 77
f 61 36 63
f 88 68 58
f 68 88 97
f 65 42 100
f 42 65 66
f 103 60 102
f 60 103 83
f 77 108 105
f 108 77 61
f 112 100 110
f 100 112 65
f 110 83 103
f 83 110 100
f 85 115 114
f 115 85 82
f 119 26 117
f 26 119 50
f 122 24 23
f 24 122 123
f 102 52 125
f 52 102 60
f 22 105 128
f 105 22 77
f 61 130 108
f 130 61 62
f 123 26 24
f 26 123 117
f 128 23 22
f 23 128 122
f 82 131 115
f 131 82 3
f 59 134 57
f 134 59 135
f 84 137 69
f 137 84 140
f 62 142 130
f 142 62 73
f 131 1 92
f 1 131 3
f 90 65 112
f 65 90 67
f 69 135 59
f 135 69 137
f 72 134 143
f 134 72 57
f 85 140 84
f 140 85 114
f 113 138 139
f 138 113 136
f 136 113 116
f 136 116 132
f 136 132 133
f 133 132 93
f 133 93 144
f 144 93 91
f 144 91 141
f 141 91 111
f 141 111 129
f 129 111 109
f 129 109 107
f 107 109 104
f 107 104 106
f 106 104 101
f 106 101 127
f 127 101 126
f 127 126 121
f 121 126 120
f 121 120 124
f 124 120 118
f 73 143 142
f 143 73 72
f 125 50 119
f 50 125 52
f 96 9 5
f 9 96 89
f 9 89 17
f 17 89 35
f 17 35 145
f 145 20 17
f 145 35 146
f 20 145 147
f 146 35 33
f 20 147 29
f 146 33 148
f 148 33 149
f 149 33 150
f 150 33 87
f 150 87 151
f 151 87 99
f 151 99 152
f 29 147 153
f 29 153 154
f 29 154 155
f 29 155 55
f 55 155 156
f 152 99 94
f 152 94 157
f 157 94 158
f 158 94 38
f 158 38 159
f 55 156 79
f 79 156 160
f 79 160 161
f 79 161 43
f 43 161 162
f 43 162 40
f 40 162 163
f 159 38 13
f 40 163 47
f 159 13 164
f 164 13 165
f 47 163 166
f 47 166 167
f 165 13 168
f 47 167 168
f 168 13 16
f 47 168 76
f 76 168 16
f 76 16 48
f 76 48 80
f 80 48 70
f 171 170 169
f 170 171 172
f 170 172 173
f 173 172 174
f 173 174 175
f 175 174 176
f 174 177 176
f 175 176 178
f 177 174 179
f 177 179 180
f 180 179 181
f 175 178 182
f 182 178 183
f 182 183 184
f 181 179 185
f 181 185 186
f 186 185 187
f 187 185 188
f 187 188 189
f 182 184 190
f 190 184 191
f 190 191 192
f 189 188 193
f 189 193 194
f 194 193 195
f 190 192 196
f 196 192 197
f 196 197 198
f 196 198 199
f 199 198 200
f 195 193 201
f 195 201 202
f 202 201 203
f 199 200 204
f 204 200 205
f 204 205 206
f 203 201 207
f 204 206 208
f 203 207 209
f 208 206 210
f 209 207 211
f 208 210 211
f 208 211 207
f 208 207 212
f 208 212 213
f 213 212 214
f 213 214 215
f 215 214 216
f 221 219 218
f 219 221 222
f 227 225 224
f 225 227 228
f 233 231 230
f 231 233 234
f 238 236 235
f 236 238 239
f 242 227 224
f 227 242 243
f 248 246 244
f 246 248 249
f 238 251 239
f 251 238 252
f 228 254 225
f 254 228 255
f 244 258 256
f 258 244 246
f 261 242 259
f 242 261 243
f 265 263 262
f 263 265 266
f 272 270 268
f 270 272 273
f 231 261 259
f 261 231 234
f 273 218 270
f 218 273 221
f 274 249 248
f 249 274 276
f 235 279 277
f 279 235 236
f 267 245 257
f 245 267 264
f 245 264 247
f 247 264 229
f 247 229 275
f 275 229 232
f 275 232 281
f 281 232 260
f 281 260 282
f 282 260 241
f 282 241 220
f 220 241 223
f 220 223 217
f 217 223 226
f 217 226 271
f 271 226 253
f 271 253 269
f 269 253 278
f 269 278 284
f 284 278 237
f 284 237 250
f 250 237 240
f 222 283 219
f 283 222 286
f 287 274 280
f 274 287 276
f 286 280 283
f 280 286 287
f 230 262 233
f 262 230 265
f 288 268 285
f 268 288 272
f 277 254 255
f 254 277 279
f 266 258 263
f 258 266 256
f 252 285 251
f 285 252 288
f 294 291 290
f 291 294 296
f 305 300 297
f 300 305 289
f 289 305 293
f 293 305 306
f 306 305 309
f 306 309 310
f 310 309 312
f 310 312 315
f 310 315 316
f 316 315 319
f 316 319 320
f 316 320 322
f 322 320 325
f 322 325 326
f 326 325 329
f 326 329 331
f 326 331 332
f 332 331 335
f 332 335 336
f 336 335 339
f 336 339 340
f 340 339 343
f 340 343 344
f 340 344 347
f 347 344 349
f 347 349 352
f 347 352 353
f 347 353 357
f 353 352 358
f 353 358 361
f 361 358 364
f 364 358 366
f 366 358 368
f 366 368 371
f 371 368 372
f 371 372 375
f 371 375 376
f 376 375 379
f 376 379 381
f 376 381 382
f 382 381 384
f 382 384 386
f 386 384 388
f 386 388 391
f 386 391 392
f 392 391 395
f 392 395 396
f 396 395 399
f 396 399 400
f 400 399 403
f 400 403 404
f 400 404 406
f 406 404 409
f 406 409 411
f 406 411 415
f 406 415 416
f 406 416 419
f 416 415 420
f 427 426 424
f 430 426 427
f 430 427 433
f 437 426 430
f 438 426 437
f 440 426 438
f 440 443 426
f 444 443 440
f 447 443 444
f 447 448 443
f 451 448 447
f 451 453 448
f 454 453 451
f 457 453 454
f 457 458 453
f 460 458 457
f 460 463 458
f 465 463 460
f 465 466 463
f 468 466 465
f 471 466 468
f 471 472 466
f 475 472 471
f 476 472 475
f 472 476 478
f 481 478 476
f 481 483 478
f 481 486 483
f 481 489 486
f 493 489 481
f 493 494 489
f 489 494 496
f 499 494 493
f 500 494 499
f 500 502 494
f 505 502 500
f 507 502 505
f 507 508 502
f 511 508 507
f 511 512 508
f 515 512 511
f 517 512 515
f 517 519 512
f 520 519 517
f 520 523 519
f 524 523 520
f 524 527 523
f 529 527 524
f 531 527 529
f 531 532 527
f 535 532 531
f 536 532 535
f 532 536 538
f 541 538 536
f 541 543 538
f 541 546 543
f 547 546 541
f 546 547 552
f 558 556 553
f 556 558 563
f 563 558 564
f 564 558 568
f 576 575 570
f 575 576 578
f 578 576 580
f 580 576 582
f 582 576 584
f 397 590 588
f 590 397 401
f 333 593 592
f 593 333 337
f 595 462 467
f 462 595 598
f 599 509 513
f 509 599 602
f 603 526 533
f 526 603 606
f 607 479 484
f 479 607 609
f 495 614 612
f 614 495 503
f 614 503 617
f 337 619 593
f 619 337 341
f 620 467 473
f 467 620 595
f 602 503 509
f 503 602 617
f 598 459 462
f 459 598 622
f 622 452 459
f 452 622 625
f 626 442 449
f 442 626 628
f 327 592 630
f 592 327 333
f 633 513 518
f 513 633 599
f 367 635 365
f 635 367 637
f 606 522 526
f 522 606 638
f 648 645 641
f 645 648 292
f 645 292 295
f 645 295 650
f 645 650 652
f 656 356 654
f 356 656 346
f 657 661 659
f 661 657 655
f 661 655 666
f 661 666 636
f 636 666 634
f 634 666 668
f 425 562 423
f 562 425 557
f 671 611 615
f 611 671 674
f 674 671 675
f 675 671 610
f 675 610 608
f 675 608 680
f 682 407 418
f 407 682 684
f 370 688 685
f 688 370 377
f 323 630 689
f 630 323 327
f 307 296 294
f 296 307 649
f 365 667 362
f 667 365 635
f 497 612 673
f 612 497 495
f 311 649 307
f 649 311 653
f 653 311 692
f 488 673 677
f 673 488 497
f 383 695 694
f 695 383 387
f 425 555 557
f 555 425 442
f 555 442 628
f 672 479 609
f 479 672 473
f 473 672 620
f 607 487 678
f 487 607 484
f 393 588 698
f 588 393 397
f 658 346 656
f 346 658 341
f 341 658 619
f 700 407 684
f 407 700 401
f 401 700 590
f 638 518 522
f 518 638 633
f 387 698 695
f 698 387 393
f 581 545 579
f 545 581 544
f 355 669 665
f 669 355 363
f 317 689 703
f 689 317 323
f 581 539 544
f 539 581 583
f 654 354 664
f 354 654 356
f 367 662 637
f 662 367 370
f 662 370 685
f 377 694 688
f 694 377 383
f 583 533 539
f 533 583 585
f 533 585 603
f 676 485 490
f 485 676 679
f 625 449 452
f 449 625 626
f 560 704 567
f 704 560 707
f 417 705 711
f 705 417 713
f 713 566 705
f 713 417 716
f 716 417 421
f 717 566 713
f 717 565 566
f 720 565 717
f 434 565 720
f 565 434 428
f 682 417 711
f 417 682 418
f 311 703 692
f 703 311 317
f 683 708 701
f 708 683 681
f 708 681 712
f 708 712 706
f 423 565 428
f 565 423 562
f 643 574 647
f 574 643 572
f 714 724 721
f 724 714 715
f 724 422 414
f 422 724 715
f 718 721 726
f 721 718 714
f 719 431 432
f 431 719 728
f 719 726 728
f 726 719 718
f 734 731 730
f 731 734 735
f 739 730 738
f 730 739 734
f 743 738 742
f 738 743 739
f 290 744 301
f 290 740 744
f 291 740 290
f 646 740 291
f 573 740 646
f 740 573 733
f 579 733 573
f 579 736 733
f 545 736 579
f 736 545 551
f 480 745 491
f 745 480 749
f 745 749 753
f 737 753 749
f 729 753 737
f 732 753 729
f 732 540 753
f 540 732 549
f 737 749 754
f 737 754 303
f 737 303 741
f 741 303 298
f 754 749 759
f 749 761 759
f 765 759 761
f 759 765 351
f 351 765 360
f 749 722 761
f 761 722 410
f 766 722 749
f 410 722 723
f 410 723 413
f 766 725 722
f 766 727 725
f 766 429 727
f 429 766 435
f 299 743 742
f 743 299 302
f 550 731 735
f 731 550 548
f 773 772 770
f 772 773 776
f 779 770 777
f 770 779 773
f 784 777 782
f 777 784 779
f 789 787 786
f 787 789 791
f 776 789 772
f 789 776 791
f 783 774 780
f 774 783 775
f 775 783 793
f 775 793 792
f 792 793 796
f 792 796 788
f 786 795 798
f 795 786 787
f 794 782 799
f 782 794 784
f 798 794 799
f 794 798 795
f 806 803 802
f 803 806 807
f 812 802 810
f 802 812 806
f 815 810 813
f 810 815 812
f 821 820 817
f 820 821 823
f 807 821 803
f 821 807 823
f 816 805 811
f 805 816 808
f 808 816 826
f 808 826 824
f 824 826 828
f 824 828 819
f 817 827 830
f 827 817 820
f 825 813 832
f 813 825 815
f 830 825 832
f 825 830 827
f 833 506 504
f 506 833 836
f 838 514 510
f 514 838 839
f 530 841 534
f 841 530 844
f 846 455 450
f 455 846 847
f 850 446 445
f 446 850 851
f 348 757 350
f 757 348 853
f 856 521 516
f 521 856 857
f 477 750 482
f 750 477 860
f 537 751 542
f 751 537 862
f 851 450 446
f 450 851 846
f 864 469 464
f 469 864 865
f 867 528 525
f 528 867 870
f 847 456 455
f 456 847 871
f 874 464 461
f 464 874 864
f 528 844 530
f 844 528 870
f 836 510 506
f 510 836 838
f 474 860 477
f 860 474 876
f 877 504 501
f 504 877 833
f 879 501 498
f 501 879 877
f 534 862 537
f 862 534 841
f 857 525 521
f 525 857 867
f 470 876 474
f 876 470 881
f 883 441 439
f 441 883 886
f 469 881 470
f 881 469 865
f 886 445 441
f 445 886 850
f 839 516 514
f 516 839 856
f 408 760 412
f 760 408 887
f 871 461 456
f 461 871 874
f 405 887 408
f 887 405 889
f 891 359 763
f 359 891 369
f 389 896 894
f 896 389 385
f 385 898 896
f 898 385 380
f 398 899 402
f 899 398 902
f 903 369 891
f 369 903 373
f 907 374 906
f 374 907 378
f 906 373 903
f 373 906 374
f 380 907 898
f 907 380 378
f 398 910 902
f 910 398 394
f 390 894 911
f 894 390 389
f 402 889 405
f 889 402 899
f 394 911 910
f 911 394 390
f 762 892 764
f 892 762 904
f 904 762 905
f 905 762 908
f 908 762 897
f 897 762 895
f 895 762 893
f 893 762 912
f 912 762 909
f 909 762 901
f 901 762 900
f 900 762 890
f 890 762 888
f 875 748 859
f 748 875 768
f 768 875 882
f 768 882 866
f 768 866 863
f 768 863 873
f 768 873 872
f 768 872 848
f 768 848 845
f 768 845 852
f 768 852 849
f 768 849 885
f 768 885 884
f 883 436 767
f 436 883 439
f 842 752 861
f 752 842 746
f 746 842 843
f 746 843 869
f 746 869 868
f 746 868 858
f 746 858 855
f 746 855 840
f 746 840 837
f 746 837 835
f 746 835 834
f 746 834 878
f 746 878 880
f 758 913 755
f 913 758 916
f 916 758 917
f 917 758 919
f 919 758 922
f 922 758 924
f 924 758 925
f 925 758 927
f 927 758 930
f 930 758 931
f 931 758 934
f 934 758 935
f 935 758 854
f 879 492 747
f 492 879 498
f 345 853 348
f 853 345 936
f 914 304 756
f 304 914 308
f 328 923 926
f 923 328 324
f 324 921 923
f 921 324 321
f 342 932 933
f 932 342 338
f 915 308 914
f 308 915 313
f 920 314 918
f 314 920 318
f 918 313 915
f 313 918 314
f 338 929 932
f 929 338 334
f 330 926 928
f 926 330 328
f 321 920 921
f 920 321 318
f 342 936 345
f 936 342 933
f 334 928 929
f 928 334 330
f 944 941 938
f 941 944 945
f 953 943 950
f 943 953 947
f 957 709 955
f 709 957 699
f 959 699 957
f 959 589 699
f 959 587 589
f 959 697 587
f 959 696 697
f 960 696 959
f 960 693 696
f 960 687 693
f 963 687 960
f 967 687 963
f 967 686 687
f 967 663 686
f 971 663 967
f 974 663 971
f 975 974 971
f 974 660 663
f 974 618 660
f 974 594 618
f 974 591 594
f 974 631 591
f 980 631 974
f 980 690 631
f 980 702 690
f 980 691 702
f 980 644 691
f 691 644 651
f 981 644 980
f 984 644 981
f 644 984 642
f 942 986 937
f 986 942 988
f 997 993 991
f 993 997 978
f 978 997 999
f 978 999 982
f 1005 1003 1000
f 1003 1005 1006
f 1006 1005 1007
f 1009 1007 1005
f 962 1007 1009
f 1007 962 1010
f 1011 972 969
f 972 1011 1015
f 1003 1017 1000
f 1017 1003 1020
f 1020 1003 1021
f 1021 1003 1010
f 1021 1010 1024
f 1024 1010 1027
f 1027 1010 962
f 1027 962 958
f 1030 965 976
f 965 1030 1031
f 1033 998 996
f 998 1033 1034
f 1035 1034 1033
f 1035 983 1034
f 571 983 1035
f 983 571 640
f 964 1013 968
f 1013 964 1032
f 1012 1030 1016
f 1030 1012 1031
f 943 987 950
f 987 943 939
f 1002 940 946
f 940 1002 596
f 596 1002 597
f 621 940 596
f 597 1002 623
f 670 940 621
f 623 1002 1018
f 623 1018 624
f 624 1018 627
f 627 1018 629
f 629 1018 554
f 554 1018 1037
f 554 1037 559
f 559 1037 1039
f 670 990 940
f 670 1042 990
f 990 1042 952
f 613 1042 670
f 616 1042 613
f 601 1042 616
f 600 1042 601
f 632 1042 600
f 632 995 1042
f 639 995 632
f 605 995 639
f 604 995 605
f 577 995 604
f 577 604 586
f 569 995 577
f 1036 995 569
f 995 1036 992
f 1046 1005 1043
f 1005 1046 1009
f 1049 1043 1048
f 1043 1049 1046
f 948 1004 1001
f 1051 1004 948
f 1052 1004 1051
f 1004 1052 1044
f 1041 1044 1052
f 1041 1047 1044
f 1047 1041 994
f 973 1050 979
f 1050 973 1045
f 1045 973 1053
f 1045 1053 1008
f 1008 1053 1054
f 1008 1054 966
f 1008 966 961
f 1056 1023 1026
f 1023 1056 1057
f 954 1057 1056
f 954 1038 1057
f 710 1038 954
f 1038 710 561
f 978 1059 993
f 1059 978 1049
f 1060 993 1059
f 1059 1049 1061
f 993 1060 1048
f 1061 1049 1062
f 1048 1060 1062
f 1048 1062 1049
f 951 985 989
f 985 951 949
f 1029 970 1014
f 970 1029 977
f 771 778 769
f 778 771 781
f 781 771 790
f 781 790 800
f 800 790 785
f 800 785 797
f 804 809 801
f 809 804 814
f 814 804 822
f 814 822 831
f 831 822 818
f 831 818 829
f 1025 956 1055
f 956 1025 1028
f 1019 1058 1040
f 1058 1019 1022
f 1019 1064 1063
f 1064 1019 1040
f 956 1066 1065
f 1066 956 1028
f 1069 1068 1067
f 1068 1069 1070
f 1073 1072 1071
f 1072 1073 1074
f 1077 1076 1075
f 1076 1077 1078
f 1078 1077 1079
f 1082 1081 1080
f 1081 1082 1083
f 1083 1082 1084
f 1087 1086 1085
f 1086 1087 1088
f 1091 1090 1089
f 1090 1091 1092
f 1162 1141 1172
f 1172 1141 1168
f 1141 1108 1168
f 1108 1260 1168
f 1168 1260 1138
f 1108 1105 1260
f 1260 1259 1138
f 1260 1105 1257
f 1259 1258 1138
f 1258 1255 1138
f 1257 1105 1256
f 1256 1105 1251
f 1138 1255 1133
f 1105 1129 1251
f 1255 1254 1133
f 1133 1254 1135
f 1254 1253 1135
f 1135 1253 1171
f 1253 1252 1171
f 1252 1248 1171
f 1171 1248 1148
f 1251 1129 1250
f 1129 1186 1250
f 1250 1186 1249
f 1249 1186 1244
f 1186 1191 1244
f 1248 1247 1148
f 1148 1247 1121
f 1247 1246 1121
f 1246 1245 1121
f 1245 1239 1121
f 1244 1191 1243
f 1191 1179 1243
f 1243 1179 1242
f 1179 1124 1242
f 1242 1124 1241
f 1241 1124 1240
f 1240 1124 1238
f 1121 1239 1112
f 1124 1126 1238
f 1239 1237 1112
f 1238 1126 1237
f 1109 1112 1237
f 1237 1126 1109
f 1126 1180 1109
f 1109 1180 1101
f 1180 1189 1101
f 1098 1101 1189
f 1144 1217 1142
f 1211 1142 1217
f 1164 1165 1235
f 1233 1235 1165
f 1210 1212 1216
f 1216 1212 1214
f 1212 1218 1214
f 1214 1218 1219
f 1218 1194 1219
f 1219 1194 1197
f 1194 1195 1197
f 1197 1195 1199
f 1195 1201 1199
f 1199 1201 1222
f 1201 1204 1222
f 1222 1204 1234
f 1204 1182 1234
f 1234 1182 1236
f 1182 1185 1236
f 1236 1185 1226
f 1185 1223 1226
f 1226 1223 1227
f 1223 1207 1227
f 1207 1205 1227
f 1227 1205 1229
f 1232 1229 1205
f 1206 1177 1231
f 1176 1231 1177
f 1149 1164 1225
f 1235 1225 1164
f 1230 1161 1228
f 1151 1228 1161
f 1159 1183 1157
f 1203 1157 1183
f 1095 1224 1093
f 1184 1093 1224
f 1165 1154 1233
f 1221 1233 1154
f 1231 1176 1230
f 1161 1230 1176
f 1228 1151 1225
f 1149 1225 1151
f 1095 1174 1224
f 1208 1224 1174
f 1213 1220 1115
f 1114 1115 1220
f 1209 1215 1118
f 1116 1118 1215
f 1154 1153 1221
f 1200 1221 1153
f 1169 1114 1198
f 1220 1198 1114
f 1152 1193 1144
f 1217 1144 1193
f 1215 1213 1116
f 1115 1116 1213
f 1142 1211 1118
f 1209 1118 1211
f 1174 1177 1208
f 1206 1208 1177
f 1192 1202 1175
f 1196 1175 1202
f 1157 1203 1192
f 1202 1192 1203
f 1153 1169 1200
f 1198 1200 1169
f 1175 1196 1152
f 1193 1152 1196
f 1158 1157 1134
f 1192 1134 1157
f 1188 1181 1160
f 1150 1160 1181
f 1155 1128 1153
f 1169 1153 1128
f 1134 1192 1131
f 1175 1131 1192
f 1190 1187 1156
f 1155 1156 1187
f 1178 1190 1166
f 1156 1166 1190
f 1097 1188 1099
f 1160 1099 1188
f 1176 1099 1161
f 1160 1161 1099
f 1174 1111 1177
f 1102 1177 1111
f 1187 1130 1155
f 1128 1155 1130
f 1093 1184 1159
f 1183 1159 1184
f 1181 1127 1150
f 1123 1150 1127
f 1125 1178 1122
f 1166 1122 1178
f 1177 1102 1176
f 1099 1176 1102
f 1131 1175 1137
f 1152 1137 1175
f 1173 1143 1163
f 1119 1163 1143
f 1111 1110 1102
f 1100 1102 1110
f 1143 1142 1119
f 1118 1119 1142
f 1095 1096 1174
f 1111 1174 1096
f 1147 1146 1170
f 1158 1170 1146
f 1145 1143 1167
f 1173 1167 1143
f 1170 1158 1136
f 1134 1136 1158
f 1094 1093 1146
f 1159 1146 1093
f 1128 1103 1169
f 1114 1169 1103
f 1137 1145 1139
f 1167 1139 1145
f 1166 1156 1165
f 1154 1165 1156
f 1117 1116 1106
f 1115 1106 1116
f 1122 1166 1164
f 1165 1164 1166
f 1123 1122 1149
f 1164 1149 1122
f 1163 1119 1140
f 1117 1140 1119
f 1161 1160 1151
f 1150 1151 1160
f 1146 1159 1158
f 1157 1158 1159
f 1156 1155 1154
f 1153 1154 1155
f 1137 1152 1145
f 1144 1145 1152
f 1151 1150 1149
f 1123 1149 1150
f 1120 1094 1147
f 1146 1147 1094
f 1145 1144 1143
f 1142 1143 1144
f 1140 1117 1107
f 1106 1107 1117
f 1132 1131 1139
f 1137 1139 1131
f 1136 1134 1132
f 1131 1132 1134
f 1130 1104 1128
f 1103 1128 1104
f 1127 1125 1123
f 1122 1123 1125
f 1113 1096 1120
f 1094 1120 1096
f 1119 1118 1117
f 1116 1117 1118
f 1106 1115 1103
f 1114 1103 1115
f 1096 1113 1111
f 1110 1111 1113
f 1107 1106 1104
f 1103 1104 1106
f 1102 1100 1099
f 1097 1099 1100
f 1096 1095 1094
f 1093 1094 1095
f 1308 1306 1307
f 1307 1306 1305
f 1306 1304 1305
f 1305 1304 1300
f 1304 1299 1300
f 1299 1303 1300
f 1303 1302 1300
f 1303 1299 1301
f 1302 1298 1300
f 1301 1299 1295
f 1300 1298 1296
f 1299 1293 1295
f 1298 1297 1296
f 1297 1292 1296
f 1296 1292 1291
f 1295 1293 1294
f 1294 1293 1287
f 1293 1285 1287
f 1292 1290 1291
f 1291 1290 1288
f 1290 1289 1288
f 1289 1284 1288
f 1288 1284 1282
f 1287 1285 1286
f 1286 1285 1281
f 1285 1280 1281
f 1284 1283 1282
f 1283 1276 1282
f 1282 1276 1274
f 1281 1280 1279
f 1280 1277 1279
f 1279 1277 1278
f 1278 1277 1273
f 1277 1271 1273
f 1276 1275 1274
f 1275 1270 1274
f 1274 1270 1267
f 1273 1271 1272
f 1272 1271 1269
f 1271 1266 1269
f 1270 1268 1267
f 1268 1269 1266
f 1268 1266 1267
f 1267 1266 1265
f 1266 1264 1265
f 1265 1264 1262
f 1264 1263 1262
f 1261 1262 1263
f 1380 1344 1377
f 1342 1377 1344
f 1348 1359 1350
f 1355 1350 1359
f 1371 1369 1346
f 1347 1346 1369
f 1364 1380 1361
f 1377 1361 1380
f 1356 1321 1354
f 1325 1354 1321
f 1379 1378 1372
f 1375 1372 1378
f 1368 1379 1366
f 1372 1366 1379
f 1378 1314 1375
f 1312 1375 1314
f 1331 1328 1343
f 1343 1328 1376
f 1328 1370 1376
f 1376 1370 1360
f 1370 1345 1360
f 1360 1345 1363
f 1345 1318 1363
f 1363 1318 1309
f 1318 1315 1309
f 1309 1315 1311
f 1315 1333 1311
f 1311 1333 1374
f 1333 1352 1374
f 1374 1352 1373
f 1352 1323 1373
f 1373 1323 1367
f 1323 1322 1367
f 1367 1322 1340
f 1322 1357 1340
f 1340 1357 1337
f 1357 1358 1337
f 1349 1337 1358
f 1329 1327 1371
f 1369 1371 1327
f 1368 1366 1341
f 1339 1341 1366
f 1313 1365 1310
f 1362 1310 1365
f 1326 1324 1353
f 1351 1353 1324
f 1365 1364 1362
f 1361 1362 1364
f 1359 1356 1355
f 1354 1355 1356
f 1335 1353 1334
f 1351 1334 1353
f 1338 1336 1350
f 1348 1350 1336
f 1347 1320 1346
f 1317 1346 1320
f 1344 1330 1342
f 1332 1342 1330
f 1341 1339 1338
f 1336 1338 1339
f 1335 1334 1319
f 1316 1319 1334
f 1332 1330 1329
f 1327 1329 1330
f 1326 1325 1324
f 1321 1324 1325
f 1320 1319 1317
f 1316 1317 1319
f 1314 1313 1312
f 1310 1312 1313
f 1383 1382 1381
f 1382 1383 1384
f 1388 1387 1386
f 1387 1388 1390
f 1394 1392 1391
f 1392 1394 1395
f 1401 1399 1398
f 1399 1401 1384
f 1403 1391 1402
f 1391 1403 1394
f 1406 1405 1404
f 1405 1406 1407
f 1384 1408 1382
f 1408 1384 1401
f 1413 1411 1410
f 1411 1413 1415
f 1392 1416 1391
f 1416 1392 1417
f 1422 1420 1419
f 1420 1422 1424
f 1419 1426 1425
f 1426 1419 1420
f 1405 1395 1394
f 1395 1405 1429
f 1432 1431 1430
f 1431 1432 1433
f 1382 1435 1434
f 1435 1382 1408
f 1438 1437 1411
f 1437 1438 1439
f 1440 1433 1432
f 1433 1440 1425
f 1443 1442 1441
f 1442 1443 1444
f 1447 1446 1445
f 1446 1447 1434
f 1448 1439 1438
f 1439 1448 1449
f 1407 1429 1405
f 1429 1407 1451
f 1410 1437 1452
f 1437 1410 1411
f 1454 1452 1453
f 1452 1454 1410
f 1404 1394 1403
f 1394 1404 1405
f 1444 1453 1442
f 1453 1444 1454
f 1433 1426 1455
f 1426 1433 1425
f 1391 1457 1402
f 1457 1391 1416
f 1381 1434 1447
f 1434 1381 1382
f 1446 1424 1422
f 1424 1446 1458
f 1431 1455 1461
f 1455 1431 1433
f 1434 1458 1446
f 1458 1434 1435
f 1384 1462 1399
f 1462 1384 1383
f 1430 1407 1406
f 1407 1430 1431
f 1398 1390 1388
f 1390 1398 1399
f 1431 1451 1407
f 1451 1431 1461
f 1463 1425 1440
f 1425 1463 1419
f 1390 1464 1387
f 1464 1390 1465
f 1466 1410 1454
f 1410 1466 1413
f 1415 1438 1411
f 1438 1415 1468
f 1472 1447 1470
f 1447 1472 1381
f 1417 1443 1416
f 1443 1417 1474
f 1399 1465 1390
f 1465 1399 1462
f 1387 1449 1448
f 1449 1387 1464
f 1477 1387 1448
f 1387 1477 1386
f 1478 1454 1444
f 1454 1478 1466
f 1474 1444 1443
f 1444 1474 1478
f 1480 1419 1463
f 1419 1480 1422
f 1416 1441 1457
f 1441 1416 1443
f 1468 1448 1438
f 1448 1468 1477
f 1445 1422 1480
f 1422 1445 1446
f 1484 1440 1481
f 1440 1484 1463
f 1457 1487 1486
f 1487 1457 1441
f 1492 1480 1489
f 1480 1492 1445
f 1489 1463 1484
f 1463 1489 1480
f 1465 1496 1493
f 1496 1465 1462
f 1499 1406 1498
f 1406 1499 1430
f 1502 1404 1403
f 1404 1502 1504
f 1481 1432 1506
f 1432 1481 1440
f 1402 1486 1507
f 1486 1402 1457
f 1441 1510 1487
f 1510 1441 1442
f 1504 1406 1404
f 1406 1504 1498
f 1507 1403 1402
f 1403 1507 1502
f 1462 1511 1496
f 1511 1462 1383
f 1439 1513 1437
f 1513 1439 1515
f 1464 1517 1449
f 1517 1464 1520
f 1442 1521 1510
f 1521 1442 1453
f 1511 1381 1472
f 1381 1511 1383
f 1470 1445 1492
f 1445 1470 1447
f 1449 1515 1439
f 1515 1449 1517
f 1452 1513 1523
f 1513 1452 1437
f 1465 1520 1464
f 1520 1465 1493
f 1494 1518 1519
f 1518 1494 1516
f 1516 1494 1495
f 1516 1495 1512
f 1516 1512 1514
f 1514 1512 1473
f 1514 1473 1524
f 1524 1473 1471
f 1524 1471 1522
f 1522 1471 1491
f 1522 1491 1509
f 1509 1491 1490
f 1509 1490 1488
f 1488 1490 1483
f 1488 1483 1485
f 1485 1483 1482
f 1485 1482 1508
f 1508 1482 1505
f 1508 1505 1501
f 1501 1505 1500
f 1501 1500 1503
f 1503 1500 1497
f 1453 1523 1521
f 1523 1453 1452
f 1506 1430 1499
f 1430 1506 1432
f 1476 1389 1385
f 1389 1476 1469
f 1389 1469 1397
f 1397 1469 1414
f 1397 1414 1525
f 1525 1400 1397
f 1525 1414 1526
f 1400 1525 1527
f 1526 1414 1412
f 1400 1527 1409
f 1526 1412 1528
f 1528 1412 1529
f 1529 1412 1530
f 1530 1412 1467
f 1530 1467 1531
f 1531 1467 1479
f 1531 1479 1532
f 1409 1527 1533
f 1409 1533 1534
f 1409 1534 1535
f 1409 1535 1436
f 1436 1535 1536
f 1532 1479 1475
f 1532 1475 1537
f 1537 1475 1538
f 1538 1475 1418
f 1538 1418 1539
f 1436 1536 1459
f 1459 1536 1540
f 1459 1540 1541
f 1459 1541 1423
f 1423 1541 1542
f 1423 1542 1421
f 1421 1542 1543
f 1539 1418 1393
f 1421 1543 1427
f 1539 1393 1544
f 1544 1393 1545
f 1427 1543 1546
f 1427 1546 1547
f 1545 1393 1548
f 1427 1547 1548
f 1548 1393 1396
f 1427 1548 1456
f 1456 1548 1396
f 1456 1396 1428
f 1456 1428 1460
f 1460 1428 1450
f 1551 1550 1549
f 1550 1551 1552
f 1550 1552 1553
f 1553 1552 1554
f 1553 1554 1555
f 1555 1554 1556
f 1554 1557 1556
f 1555 1556 1558
f 1557 1554 1559
f 1557 1559 1560
f 1560 1559 1561
f 1555 1558 1562
f 1562 1558 1563
f 1562 1563 1564
f 1561 1559 1565
f 1561 1565 1566
f 1566 1565 1567
f 1567 1565 1568
f 1567 1568 1569
f 1562 1564 1570
f 1570 1564 1571
f 1570 1571 1572
f 1569 1568 1573
f 1569 1573 1574
f 1574 1573 1575
f 1570 1572 1576
f 1576 1572 1577
f 1576 1577 1578
f 1576 1578 1579
f 1579 1578 1580
f 1575 1573 1581
f 1575 1581 1582
f 1582 1581 1583
f 1579 1580 1584
f 1584 1580 1585
f 1584 1585 1586
f 1583 1581 1587
f 1584 1586 1588
f 1583 1587 1589
f 1588 1586 1590
f 1589 1587 1591
f 1588 1590 1591
f 1588 1591 1587
f 1588 1587 1592
f 1588 1592 1593
f 1593 1592 1594
f 1593 1594 1595
f 1595 1594 1596
f 1601 1599 1597
f 1599 1601 1602
f 1607 1605 1604
f 1605 1607 1608
f 1613 1612 1610
f 1612 1613 1614
f 1618 1616 1615
f 1616 1618 1619
f 1622 1607 1604
f 1607 1622 1623
f 1628 1626 1624
f 1626 1628 1629
f 1618 1631 1619
f 1631 1618 1632
f 1608 1634 1605
f 1634 1608 1635
f 1624 1638 1636
f 1638 1624 1626
f 1641 1622 1640
f 1622 1641 1623
f 1645 1643 1642
f 1643 1645 1646
f 1652 1651 1648
f 1651 1652 1653
f 1612 1641 1640
f 1641 1612 1614
f 1653 1597 1651
f 1597 1653 1601
f 1655 1629 1628
f 1629 1655 1656
f 1615 1658 1657
f 1658 1615 1616
f 1647 1625 1637
f 1625 1647 1644
f 1625 1644 1627
f 1627 1644 1609
f 1627 1609 1654
f 1654 1609 1611
f 1654 1611 1661
f 1661 1611 1639
f 1661 1639 1662
f 1662 1639 1621
f 1662 1621 1600
f 1600 1621 1603
f 1600 1603 1598
f 1598 1603 1606
f 1598 1606 1650
f 1650 1606 1633
f 1650 1633 1649
f 1649 1633 1659
f 1649 1659 1665
f 1665 1659 1617
f 1665 1617 1630
f 1630 1617 1620
f 1602 1663 1599
f 1663 1602 1666
f 1667 1655 1660
f 1655 1667 1656
f 1666 1660 1663
f 1660 1666 1667
f 1610 1642 1613
f 1642 1610 1645
f 1668 1648 1664
f 1648 1668 1652
f 1657 1634 1635
f 1634 1657 1658
f 1646 1638 1643
f 1638 1646 1636
f 1632 1664 1631
f 1664 1632 1668
f 1738 1717 1749
f 1749 1717 1743
f 1717 1684 1743
f 1684 1836 1743
f 1743 1836 1714
f 1684 1680 1836
f 1836 1835 1714
f 1836 1680 1833
f 1835 1834 1714
f 1834 1831 1714
f 1833 1680 1832
f 1832 1680 1827
f 1714 1831 1709
f 1680 1705 1827
f 1831 1830 1709
f 1709 1830 1712
f 1830 1829 1712
f 1712 1829 1746
f 1829 1828 1746
f 1828 1824 1746
f 1746 1824 1723
f 1827 1705 1826
f 1705 1763 1826
f 1826 1763 1825
f 1825 1763 1820
f 1763 1767 1820
f 1824 1823 1723
f 1723 1823 1697
f 1823 1822 1697
f 1822 1821 1697
f 1821 1815 1697
f 1820 1767 1819
f 1767 1754 1819
f 1819 1754 1818
f 1754 1701 1818
f 1818 1701 1817
f 1817 1701 1816
f 1816 1701 1814
f 1697 1815 1688
f 1701 1703 1814
f 1815 1813 1688
f 1814 1703 1813
f 1685 1688 1813
f 1813 1703 1685
f 1703 1757 1685
f 1685 1757 1676
f 1757 1764 1676
f 1673 1676 1764
f 1720 1794 1718
f 1788 1718 1794
f 1740 1741 1812
f 1810 1812 1741
f 1786 1787 1792
f 1792 1787 1790
f 1787 1793 1790
f 1790 1793 1795
f 1793 1770 1795
f 1795 1770 1773
f 1770 1771 1773
f 1773 1771 1776
f 1771 1778 1776
f 1776 1778 1797
f 1778 1780 1797
f 1797 1780 1809
f 1780 1759 1809
f 1809 1759 1811
f 1759 1761 1811
f 1811 1761 1802
f 1761 1799 1802
f 1802 1799 1804
f 1799 1784 1804
f 1784 1781 1804
f 1804 1781 1806
f 1807 1806 1781
f 1782 1753 1808
f 1752 1808 1753
f 1725 1740 1801
f 1812 1801 1740
f 1805 1737 1803
f 1727 1803 1737
f 1735 1758 1733
f 1779 1733 1758
f 1671 1800 1669
f 1760 1669 1800
f 1741 1730 1810
f 1798 1810 1730
f 1808 1752 1805
f 1737 1805 1752
f 1803 1727 1801
f 1725 1801 1727
f 1671 1750 1800
f 1783 1800 1750
f 1789 1796 1691
f 1690 1691 1796
f 1785 1791 1694
f 1692 1694 1791
f 1730 1729 1798
f 1775 1798 1729
f 1745 1690 1774
f 1796 1774 1690
f 1728 1769 1720
f 1794 1720 1769
f 1791 1789 1692
f 1691 1692 1789
f 1718 1788 1694
f 1785 1694 1788
f 1750 1753 1783
f 1782 1783 1753
f 1768 1777 1751
f 1772 1751 1777
f 1733 1779 1768
f 1777 1768 1779
f 1729 1745 1775
f 1774 1775 1745
f 1751 1772 1728
f 1769 1728 1772
f 1734 1733 1710
f 1768 1710 1733
f 1765 1756 1736
f 1726 1736 1756
f 1731 1704 1729
f 1745 1729 1704
f 1710 1768 1707
f 1751 1707 1768
f 1766 1762 1732
f 1731 1732 1762
f 1755 1766 1742
f 1732 1742 1766
f 1674 1765 1675
f 1736 1675 1765
f 1752 1675 1737
f 1736 1737 1675
f 1750 1687 1753
f 1678 1753 1687
f 1762 1706 1731
f 1704 1731 1706
f 1669 1760 1735
f 1758 1735 1760
f 1756 1702 1726
f 1699 1726 1702
f 1700 1755 1698
f 1742 1698 1755
f 1753 1678 1752
f 1675 1752 1678
f 1707 1751 1713
f 1728 1713 1751
f 1748 1719 1739
f 1695 1739 1719
f 1687 1686 1678
f 1677 1678 1686
f 1719 1718 1695
f 1694 1695 1718
f 1671 1672 1750
f 1687 1750 1672
f 1724 1722 1747
f 1734 1747 1722
f 1721 1719 1744
f 1748 1744 1719
f 1747 1734 1711
f 1710 1711 1734
f 1670 1669 1722
f 1735 1722 1669
f 1704 1679 1745
f 1690 1745 1679
f 1713 1721 1715
f 1744 1715 1721
f 1742 1732 1741
f 1730 1741 1732
f 1693 1692 1682
f 1691 1682 1692
f 1698 1742 1740
f 1741 1740 1742
f 1699 1698 1725
f 1740 1725 1698
f 1739 1695 1716
f 1693 1716 1695
f 1737 1736 1727
f 1726 1727 1736
f 1722 1735 1734
f 1733 1734 1735
f 1732 1731 1730
f 1729 1730 1731
f 1713 1728 1721
f 1720 1721 1728
f 1727 1726 1725
f 1699 1725 1726
f 1696 1670 1724
f 1722 1724 1670
f 1721 1720 1719
f 1718 1719 1720
f 1716 1693 1683
f 1682 1683 1693
f 1708 1707 1715
f 1713 1715 1707
f 1711 1710 1708
f 1707 1708 1710
f 1706 1681 1704
f 1679 1704 1681
f 1702 1700 1699
f 1698 1699 1700
f 1689 1672 1696
f 1670 1696 1672
f 1695 1694 1693
f 1692 1693 1694
f 1682 1691 1679
f 1690 1679 1691
f 1672 1689 1687
f 1686 1687 1689
f 1683 1682 1681
f 1679 1681 1682
f 1678 1677 1675
f 1674 1675 1677
f 1672 1671 1670
f 1669 1670 1671
f 1884 1882 1883
f 1883 1882 1881
f 1882 1880 1881
f 1881 1880 1876
f 1880 1875 1876
f 1875 1879 1876
f 1879 1878 1876
f 1879 1875 1877
f 1878 1874 1876
f 1877 1875 1871
f 1876 1874 1872
f 1875 1869 1871
f 1874 1873 1872
f 1873 1868 1872
f 1872 1868 1867
f 1871 1869 1870
f 1870 1869 1863
f 1869 1861 1863
f 1868 1866 1867
f 1867 1866 1864
f 1866 1865 1864
f 1865 1860 1864
f 1864 1860 1858
f 1863 1861 1862
f 1862 1861 1857
f 1861 1856 1857
f 1860 1859 1858
f 1859 1852 1858
f 1858 1852 1850
f 1857 1856 1855
f 1856 1853 1855
f 1855 1853 1854
f 1854 1853 1849
f 1853 1847 1849
f 1852 1851 1850
f 1851 1846 1850
f 1850 1846 1843
f 1849 1847 1848
f 1848 1847 1845
f 1847 1842 1845
f 1846 1844 1843
f 1844 1845 1842
f 1844 1842 1843
f 1843 1842 1841
f 1842 1840 1841
f 1841 1840 1838
f 1840 1839 1838
f 1837 1838 1839
f 1956 1920 1952
f 1918 1952 1920
f 1925 1934 1926
f 1931 1926 1934
f 1947 1945 1921
f 1923 1921 1945
f 1940 1956 1937
f 1952 1937 1956
f 1932 1898 1930
f 1901 1930 1898
f 1955 1954 1948
f 1950 1948 1954
f 1944 1955 1943
f 1948 1943 1955
f 1954 1890 1950
f 1887 1950 1890
f 1907 1905 1919
f 1919 1905 1953
f 1905 1946 1953
f 1953 1946 1936
f 1946 1922 1936
f 1936 1922 1938
f 1922 1893 1938
f 1938 1893 1886
f 1893 1892 1886
f 1886 1892 1888
f 1892 1910 1888
f 1888 1910 1951
f 1910 1928 1951
f 1951 1928 1949
f 1928 1899 1949
f 1949 1899 1942
f 1899 1897 1942
f 1942 1897 1916
f 1897 1933 1916
f 1916 1933 1912
f 1933 1935 1912
f 1924 1912 1935
f 1904 1903 1947
f 1945 1947 1903
f 1944 1943 1917
f 1915 1917 1943
f 1889 1941 1885
f 1939 1885 1941
f 1902 1900 1929
f 1927 1929 1900
f 1941 1940 1939
f 1937 1939 1940
f 1934 1932 1931
f 1930 1931 1932
f 1911 1929 1909
f 1927 1909 1929
f 1914 1913 1926
f 1925 1926 1913
f 1923 1896 1921
f 1894 1921 1896
f 1920 1906 1918
f 1908 1918 1906
f 1917 1915 1914
f 1913 1914 1915
f 1911 1909 1895
f 1891 1895 1909
f 1908 1906 1904
f 1903 1904 1906
f 1902 1901 1900
f 1898 1900 1901
f 1896 1895 1894
f 1891 1894 1895
f 1890 1889 1887
f 1885 1887 1889

